group,acq,run,cjv,cnr,efc,fber,fwhm_avg,fwhm_x,fwhm_y,fwhm_z,icvs_csf,icvs_gm,icvs_wm,inu_med,inu_range,qi_1,qi_2,rpve_csf,rpve_gm,rpve_wm,size_x,size_y,size_z,snr_csf,snr_gm,snr_total,snr_wm,snrd_csf,snrd_gm,snrd_total,snrd_wm,spacing_x,spacing_y,spacing_z,summary_bg_k,summary_bg_mad,summary_bg_mean,summary_bg_median,summary_bg_n,summary_bg_p05,summary_bg_p95,summary_bg_stdv,summary_csf_k,summary_csf_mad,summary_csf_mean,summary_csf_median,summary_csf_n,summary_csf_p05,summary_csf_p95,summary_csf_stdv,summary_gm_k,summary_gm_mad,summary_gm_mean,summary_gm_median,summary_gm_n,summary_gm_p05,summary_gm_p95,summary_gm_stdv,summary_wm_k,summary_wm_mad,summary_wm_mean,summary_wm_median,summary_wm_n,summary_wm_p05,summary_wm_p95,summary_wm_stdv,tpm_overlap_csf,tpm_overlap_gm,tpm_overlap_wm,wm2max
brainonly,aa1,01,0.5248111292741041,2.178682611208583,0.8514633442460032,,4.519163333333332,4.37719,4.69059,4.48971,0.2829408279504711,0.386378811948931,0.3306803601005979,0.31822410225868225,0.015587687492370605,0.0,0.0,16.519436949401413,16.45089662559143,16.527455299671878,278,314,278,0.7765863392977591,4.04489736022091,4.34432849388934,8.21150178214935,-1.0,-1.0,-1.0,-1.0,1.0,1.0,1.0,-3.0,0.0,0.0,0.0,13661111.0,0.0,0.0,0.0,-1.077068363229755,211.845230497573,184.72741512165834,142.88743659853935,413675.9015828959,0.0,520.9682462923229,183.99404762009345,-0.7760740888571167,119.15085053213951,561.0744434515674,558.4843540750444,564908.2337932562,342.587309461087,789.7793142311275,138.07120676359935,-0.8314860664058483,86.91458429318234,907.9517568502545,951.1312003992498,483473.8665722624,674.4743725284934,1028.3980710804462,115.82902153459176,0.1808281260239431,0.5378247272962695,0.5634302815198373,0.9197753836932347
brainonly,aa1,02,0.6429591742488832,1.7787113780344839,0.845305877657327,,4.61959,4.40545,4.87644,4.57688,0.2852680616288407,0.3757688351111458,0.3389631032600136,0.4141864478588104,0.02518298029899596,0.0,0.0,16.923120474775825,16.833371486006786,16.93170054350767,278,314,278,0.9594532819927485,3.2332736832028464,3.8679108850385444,7.41100568992004,-1.0,-1.0,-1.0,-1.0,1.0,1.0,1.0,-3.0,0.0,0.0,0.0,13762670.0,0.0,0.0,0.0,-1.1144103101965743,198.53585277869624,203.48360994733582,178.54163754731417,406631.65053726133,0.0,531.5387191623449,186.08661970392686,-0.6910696065798949,127.86510084925125,551.8889316984073,547.9001714214683,535634.8017694145,282.63116206228733,845.4417700991035,169.45662930368113,-1.0273984362922794,112.53414696672645,888.188912427515,921.7952139750123,483170.5497027729,649.254448056221,1033.6735236123204,124.38180439204874,0.19010282004209586,0.5320188933335395,0.5543776883635224,0.8839221456330865
brainonly,aa1,03,0.7261651604980038,1.569485530893531,0.8473687359090981,2.749617680416388,4.7040066666666664,4.71885,4.70064,4.69253,0.28846363803101593,0.37245227111786827,0.3390840908511159,0.4983122646808624,0.036630225181579656,0.0,0.0,16.521286227558427,16.413901238666195,16.50782043891759,278,314,278,0.9446517820673953,3.165515715329646,3.6049469435543835,6.70467333326611,-1.0,-1.0,-1.0,-1.0,1.0,1.0,1.0,-3.0,0.0,0.0,0.0,13536886.0,0.0,0.0,0.0,-1.0811303939702421,198.74798817091386,197.0330105503963,171.72666884213686,421233.3547468821,0.0,521.8390695787966,181.7881131058257,-0.4124312702669797,124.96354361346873,557.2347198858744,552.1319357566535,543879.0161455497,280.65350879728794,870.6934609226882,174.4206877557175,-1.0565124030707773,125.58525278567505,866.7973733201227,897.16197854653,495152.6303469642,615.4852887764573,1032.1379996612668,133.8113026550918,0.17671997695379682,0.5312027634134574,0.542956399062999,0.8606334071686662
brainonly,aa4,01,0.5159247363849463,1.9595945007921898,0.8449991099381214,,3.7062900000000005,3.4824,3.87183,3.76464,0.2847710936660091,0.38526831850260373,0.32996058783138715,0.3381744921207428,0.016473108530044578,0.0,0.0,16.415708938194456,16.330985078654425,16.413546646034995,278,314,278,0.6033406897976401,3.510816186522913,3.7491026538745325,7.133151085303044,-1.0,-1.0,-1.0,-1.0,1.0,1.0,1.0,-3.0,0.0,0.0,0.0,13654658.0,0.0,0.0,0.0,-0.5827724084958237,166.2701750915831,172.90149109780936,112.14752886258066,418808.5764186891,0.0,523.4922276567668,185.87739376793334,-0.5314905945039765,117.87938333836308,551.3443176892417,548.8105563819408,566608.3377147106,303.34286118485034,819.0207898523659,156.31979657437037,-0.7707416949549808,89.87906633599586,897.6594821567709,951.5019472427666,485268.08772948076,625.6868072804064,1033.593214519322,133.39139399623596,0.1761404721939988,0.5286250880084477,0.553317400630304,0.9152451182074247
brainonly,aa4,02,0.5480498075830292,1.8882463110570105,0.8442880903543725,,3.99446,3.69292,4.22598,4.06448,0.2856656306232433,0.38125160523406953,0.3330827641426871,0.3824193477630615,0.018679791688919034,0.0,0.0,16.698409905184516,16.613043533723868,16.711624848519623,278,314,278,0.7743369411598264,3.2204668950969895,3.7548920955003964,7.269872450244374,-1.0,-1.0,-1.0,-1.0,1.0,1.0,1.0,-3.0,0.0,0.0,0.0,13780405.0,0.0,0.0,0.0,-0.7492869846334265,222.83331082196545,194.43927517064176,150.29878415167332,412635.14833340235,0.0,542.3170776609331,194.09974397678243,-0.5006681224758904,122.28836870328787,545.8746596406069,542.1184449065477,550706.1256717658,278.41691073030233,840.1503401324153,168.33520429247255,-0.8355492645452598,97.67363183605976,897.1829028461889,943.4724778719246,481127.7278595179,635.3268649019301,1039.2134654857218,129.77827380718932,0.18686150489610764,0.52128266170065,0.544377451624812,0.8996180434988478
brainonly,aa4,03,0.584329072144809,1.8138269876230644,0.8498521101082541,,4.343383333333333,4.26999,4.36866,4.3915,0.2863960090349122,0.3799850114105316,0.33361897955455616,0.44724179804325104,0.034445150196552254,0.0,0.0,16.424400606255062,16.334549162930777,16.43159249954757,278,314,278,0.8847726920616099,3.3330185011956432,3.799217212219734,7.179860443401947,-1.0,-1.0,-1.0,-1.0,1.0,1.0,1.0,-3.0,0.0,0.0,0.0,13528218.0,0.0,0.0,0.0,-0.9491339256926219,216.46361408023736,203.3157634257947,171.76361191272736,420579.41314525635,0.0,549.1717552058399,194.13280863539424,-0.4366734837533919,119.0410485112838,556.6482372690551,551.564958397299,558017.1093918886,296.50078111328185,854.2367848828435,165.4849692495066,-0.8415882155542507,103.98667703678889,892.4862704741191,933.2466788180172,489927.4787661935,632.3355661090463,1040.0519183911383,129.98103984620772,0.18160325732300908,0.5262685441804457,0.5363013577607445,0.8890227816769529
brainonly,jdac,01,0.626625234995396,2.0411445232937937,0.8451706871683141,-1.0,5.78968,5.55952,6.15922,5.6503,0.28273265274890447,0.38224348974775907,0.3350238575033365,0.36066433787345886,0.017623420059680928,0.0,0.0,17.040586825916517,16.96866647617867,17.056763211969685,278,314,278,1.037965011628699,3.9475181801431614,4.2729753287664085,7.833442794527365,-1.0,-1.0,-1.0,-1.0,1.0,1.0,1.0,-3.0,0.0,0.0,0.0,13625919.0,0.0,0.0,0.0,-1.2464689463298482,191.45129689052743,209.75480177200157,189.06256926432252,400497.58864607324,0.0,527.8366566002369,182.14711585790465,-0.8516077617420428,122.94702047004976,553.0677801822745,552.016020135954,541457.077671163,330.7855280712247,781.8925660550594,139.83862396428793,-1.121919277317621,111.22501514872292,892.9890562625027,925.7195075489581,474569.3352516809,667.4720700848848,1028.2722261752933,118.17518254799735,0.1994167387535162,0.5482139772428753,0.581728257995495,0.893964887774215
brainonly,jdac,02,0.6657040886313463,1.7989075163517303,0.8454823668473864,-1.0,5.640563333333334,5.36387,6.07182,5.486,0.2809984892423034,0.3764098025264603,0.34259170823123636,0.39229631423950195,0.020219056308269534,0.0,0.0,17.36552121040091,17.28112238601337,17.384692495717296,278,314,278,1.170488315740855,3.4291698024302426,4.182493991603301,7.947823856638806,-1.0,-1.0,-1.0,-1.0,1.0,1.0,1.0,-3.0,0.0,0.0,0.0,13825092.0,0.0,0.0,0.0,-1.1808939690588398,171.91261455561607,231.78185373743926,219.68444397486746,390269.81010335544,0.0,555.6033434383571,187.68590815332527,-0.7503760611377506,127.53066728052477,559.8597626744503,558.8945581000298,522783.53007930564,297.61511475779116,833.6200191304088,162.98231226882416,-1.103814605856182,111.7150009863624,890.4657615107179,918.2819681409746,475814.66105000034,671.771643858403,1030.7786622550339,115.538670678491,0.20618705443929816,0.5361175217195799,0.5684487574093815,0.8829853214802563
brainonly,jdac,03,0.7211112009926637,1.6325143173137808,0.8505253301297651,-1.0,5.864683333333333,5.88315,5.90911,5.80179,0.284176719758155,0.37379780599700385,0.3420254742448411,0.4797617644071579,0.03062358647584912,0.0,0.0,17.04683891034186,16.94953812192502,17.04941249412347,278,314,278,1.200787508525395,3.5348774175369218,4.126377064790794,7.643466268310064,-1.0,-1.0,-1.0,-1.0,1.0,1.0,1.0,-3.0,0.0,0.0,0.0,13570276.0,0.0,0.0,0.0,-1.1535901972880223,173.8823938134155,239.67470035403042,229.2236871868372,402085.6195443319,0.0,569.6048423666507,190.89422609398616,-0.5903820067309029,122.84093416101422,576.971760148092,575.3287594243884,528891.7492485913,315.18256988190114,859.3885732926428,162.7576143573088,-1.0874629580269564,113.98352138565811,879.6702066485673,903.7447585389018,483936.63220800966,659.051476271823,1029.5541191753,118.2374322161252,0.19428202140580222,0.5329155060981416,0.5566571640973155,0.8693055956852548
brainonly,preproc,01,0.5943031241260482,1.9800313810404706,0.8495377593686191,,4.399249999999999,4.35375,4.48936,4.35464,0.2842593479889537,0.38118327412352276,0.33455737788752354,0.5159559845924377,0.022715532779693626,0.0,0.0,16.54150798261547,16.46374531074002,16.54351787927268,278,314,278,0.804405784411129,3.7793950300000683,4.025575454456882,7.492925548959448,-1.0,-1.0,-1.0,-1.0,1.0,1.0,1.0,-3.0,0.0,0.0,0.0,13595683.0,0.0,0.0,0.0,-1.0542318873211667,218.0724157944042,185.71094309657767,147.08760925382376,414965.49203152064,0.0,517.8860735595226,182.8522803732316,-0.7031907646245115,119.73093747757468,558.2769002745036,553.0338870361447,556456.2995726016,328.6649596244097,808.5009518638253,146.32854880774315,-0.9249790075954483,106.42194066644436,900.8789277198963,933.5684475377202,488391.21003424836,657.5324030518532,1055.2443395107985,124.59318935953148,0.18105903583937746,0.5412896787525747,0.567540192115992,0.8742928478872349
brainonly,preproc,02,0.7685841439741979,1.311298926790893,0.8411480387639308,,4.21643,4.09973,4.3763,4.17326,0.2821039656649003,0.36714033283328207,0.3507557015018177,0.9221772253513336,0.07641991078853605,0.0,0.0,16.903590643415836,16.777056605563363,16.879531587282347,278,314,278,0.9535597230779777,2.7888774418090607,3.0648734300651306,5.452183125308354,-1.0,-1.0,-1.0,-1.0,1.0,1.0,1.0,-3.0,0.0,0.0,0.0,13797844.0,0.0,0.0,0.0,-0.8852206182929123,183.6852249783139,186.57437110146859,163.77305632457137,402441.618587618,0.0,489.2755212187767,171.74892026846715,-0.08141090440403698,119.86239257059466,516.1942187107882,509.46826096251607,523752.11899620015,222.6076127924025,833.2833102792501,182.67843791224246,-0.10509928812196456,118.58371213037033,805.7931457457208,819.7089894115925,500378.2627036994,539.9542357288301,1038.454295437783,150.34494467305632,0.19164000689751112,0.5333387693265513,0.5592382950092255,0.7429814424580246
brainonly,preproc,03,0.85936895875822,1.1028853692092537,0.8426607074662974,,4.18696,4.21619,4.15366,4.19103,0.283959934129725,0.36547680141152317,0.35056326445875186,0.8965969085693359,0.08346880972385406,0.0,0.0,16.4364654987667,16.287524511161955,16.385218514186462,278,314,278,0.9023983822115139,2.6887094890288266,2.8148205262425527,4.853353707487319,-1.0,-1.0,-1.0,-1.0,1.0,1.0,1.0,-3.0,0.0,0.0,0.0,13535345.0,0.0,0.0,0.0,-0.8078816169952101,177.24725385900854,168.6426115488762,143.77741881087422,416618.0645018074,0.0,454.05327308923006,159.32790781980876,0.752701796062865,112.18766159973782,496.6122577567848,489.5296262372285,536217.3297125059,201.46090455539525,807.2751523889601,182.06845022447789,0.23322354465184558,114.58215934913801,743.1299956436602,753.4090910907835,514336.60587313044,476.2787586878985,992.4752970431,155.23458706905123,0.18010025099688046,0.5316013301923261,0.546427830326305,0.7024540159434175
raw,raw,01,0.5765383781925429,1.8184559827694573,0.5639390450055485,10175.949704299643,4.097795056748587,4.1042331702457595,4.136298666666667,4.052853333333333,0.26053352631530613,0.3890186953801543,0.35044777830453955,0.5326537489891052,0.18929588794708252,0.0,0.0020099083693252227,6.906092794529884,6.821437681606519,6.910696394870478,192,256,256,2.1691196882345705,6.559253716445789,6.312661026108317,10.209609673644593,13.085647921126606,21.556019910616623,21.41910195961628,29.61563804710561,0.9000000357627869,0.9375,0.9375,2741.0754312921845,0.0,6.063743523596064,0.0,3267670.0,0.0,21.517241299152374,21.119484276816888,-0.5631413811096335,152.35015843750983,428.34102313552296,421.8390788882971,467987.51548208506,125.93103401362896,738.2068938016891,194.47457440054313,-0.6189943257866037,79.99235388206613,698.183598320331,694.8965491354465,698781.0563263575,528.8735612481833,887.9540196806192,105.9413283819877,-0.3859094779414223,69.80159384340496,933.4375998105281,954.7126401215792,629497.4293499318,747.9080431908369,1054.3908006697893,93.51110496147824,0.2240687001865435,0.5377681303016247,0.5633145595903011,0.39815890478746807
raw,raw,02,0.899633357044296,1.0106487742164179,0.5867086040977696,4486.990225,3.8493814313586867,3.7841442940760603,3.926816,3.837184,0.25131654743730114,0.3768423275066006,0.3718411250560982,0.8223858773708344,0.3671983629465103,0.0,0.0012846534096527852,6.951224036749525,6.796677853613199,6.899147854170896,192,256,256,2.422156995565885,5.097442542519288,5.141004359937155,7.903413541726292,8.263516847736197,12.32312582299193,12.042690390405687,15.541428500488937,0.9000000357627869,0.9375,0.9375,637.932964033155,0.0,14.812498951574973,0.0,3257467.0,0.0,65.93880015984178,35.87234453578473,1.1839471617197637,124.66836312485741,450.5139328438442,452.47329172864556,446814.684474356,149.88267574459314,750.2274379841983,186.805721604552,-0.05270614806223195,81.29002037469347,679.4089717930964,674.7593558840454,669986.4667823,466.88692923635244,902.9832640625536,132.37203689763314,1.3596633933578133,77.24326826870436,845.6574845328074,850.9792430214584,661094.8489493313,662.404809448868,1012.8812643289566,107.67228551497035,0.24428833638480174,0.5293408715016353,0.5510032653420224,0.3221718636693256
raw,raw,03,1.0366038098586396,0.831314290304783,0.6252126564149639,797.2239436699184,3.7085685430336137,3.7415776291008407,3.6357546666666667,3.7483733333333333,0.25446484765607574,0.37671117196079873,0.36882398038312547,0.8754546642303467,0.450501960515976,0.0,0.0009658080140492487,6.881721333096861,6.711736612598598,6.811273830276684,192,256,256,2.3456491135729256,4.906388182392409,4.874994706749638,7.372946824283578,20.58457219715213,30.437364064552057,29.47955326726057,37.41672354007753,0.9000000357627869,0.9375,0.9375,67.57033017360368,14.91146054482519,30.663318624122684,10.05762729793787,3009474.0,0.0,136.34880682826042,56.88650537951812,2.6361703570348665,133.71952996683777,466.91828050136735,468.52233542501926,456538.43679131847,144.23181200772524,790.7469678297639,199.7407965193639,1.1283629817803114,82.93996162500065,698.3223948900368,692.7802413925529,675862.0341983502,472.4910207912326,934.1089309900999,141.19953479476524,1.045507004738628,81.73092428352834,848.6577894471171,851.6363871470094,661711.5291415129,655.5398376137018,1033.597892910242,115.50819013525238,0.23682896373687154,0.524926428846407,0.5405959219781773,0.3128182598797851
