subject,run,consigne,condition,clean_psnr_img,clean_ssim_img,clean_ssim_grad,intra_psnr_img,intra_ssim_img,intra_ssim_grad
sub-01,run-02,nodding,preproc,22.69804703266616,0.8687365337217234,0.784897930766425,22.69804703266616,0.8687365337217234,0.784897930766425
sub-01,run-02,nodding,jdac,22.83415539348791,0.8699682192765624,0.7385728987054117,24.686193871208445,0.9092198549538058,0.8386181380627823
sub-01,run-02,nodding,jdac_antiartonly,22.603944836396998,0.8759745299396937,0.7894848298935022,22.84747374153924,0.8846867874707273,0.8034043512743084
sub-01,run-02,nodding,jdac_nodenoise,21.47396781571187,0.8508050643515989,0.7366430902954194,22.01199357522328,0.8758288505854707,0.7923548351122646
sub-01,run-03,shaking,preproc,19.260442634185072,0.7756168957306967,0.6713020465926461,19.260442634185072,0.7756168957306967,0.6713020465926461
sub-01,run-03,shaking,jdac,19.75359379176414,0.7861283666931395,0.6494490207908059,20.7672314900031,0.820627759364705,0.7335195997377761
sub-01,run-03,shaking,jdac_antiartonly,19.627947416409828,0.7896019092753858,0.6850250893207559,19.525671743381757,0.7908203057447372,0.679786558512206
sub-01,run-03,shaking,jdac_nodenoise,19.610917084789325,0.7825369243793608,0.6618436915099054,19.260230477184855,0.7756736836007323,0.6520351061588058
sub-02,run-02,nodding,preproc,12.595471131953456,0.37641699373895493,0.369792408850162,12.595471131953456,0.37641699373895493,0.369792408850162
sub-02,run-02,nodding,jdac,12.790371782157244,0.3930868396022876,0.37348484416429606,12.881729692418475,0.40596018971929226,0.38858395091024256
sub-02,run-02,nodding,jdac_antiartonly,12.694555909403125,0.3856070568407591,0.3716939983908307,12.585192226414371,0.38728868511784115,0.3655093459783266
sub-02,run-02,nodding,jdac_nodenoise,12.862360475435725,0.39634572805536855,0.3642337051972628,12.710396879623174,0.3939136200526773,0.3512778930707776
sub-02,run-03,shaking,preproc,13.108376663877742,0.39765889625878165,0.3955106404859554,13.108376663877742,0.39765889625878165,0.3955106404859554
sub-02,run-03,shaking,jdac,13.323576392716143,0.41620776743158866,0.3988189731981084,13.385609639815062,0.42598315959370664,0.4113893924374016
sub-02,run-03,shaking,jdac_antiartonly,13.210069450372997,0.4065189483935526,0.39603507849943403,13.111667890294743,0.40827165411333316,0.3902377117413583
sub-02,run-03,shaking,jdac_nodenoise,13.303817681230202,0.4136776761031042,0.38347330366591365,13.137219691630522,0.41027296725531276,0.3707376178951196
sub-03,run-02,nodding,preproc,16.923590665702356,0.5769739885438383,0.5122269771764941,16.923590665702356,0.5769739885438383,0.5122269771764941
sub-03,run-02,nodding,jdac,17.506542971212827,0.5942294941627633,0.5144039864836187,17.729863958687844,0.6208793021705438,0.5483254691503201
sub-03,run-02,nodding,jdac_antiartonly,17.522244413225255,0.5912602148847775,0.5168465492908412,17.233928997433704,0.5900687033254536,0.5080084338125156
sub-03,run-02,nodding,jdac_nodenoise,17.630466851181982,0.5938279578376886,0.5060421798361753,16.960563366898388,0.572808041924401,0.48252876944544837
sub-03,run-03,shaking,preproc,16.547067063787978,0.5437342583961855,0.4876166496353682,16.547067063787978,0.5437342583961855,0.4876166496353682
sub-03,run-03,shaking,jdac,16.706343970465458,0.5544847317495502,0.48914604006492163,16.913114112610423,0.5801109680225085,0.5125355142013045
sub-03,run-03,shaking,jdac_antiartonly,16.752010276973547,0.5544409100893052,0.4922021655462594,16.483048115880536,0.5522020778185498,0.4825784583188346
sub-03,run-03,shaking,jdac_nodenoise,16.68227608197609,0.5527135643454861,0.4785116566533171,16.03524104452481,0.5344045841200049,0.45877037647285046
sub-04,run-02,nodding,preproc,19.71530588788585,0.785318796123694,0.6572027675707554,19.71530588788585,0.785318796123694,0.6572027675707554
sub-04,run-02,nodding,jdac,20.83310397171975,0.812972010459164,0.66936721118979,21.591799352256054,0.8468867511836299,0.7369538028690694
sub-04,run-02,nodding,jdac_antiartonly,20.26097326674417,0.8007994031645488,0.6729841528239009,20.131786045570017,0.8030417383025769,0.6725764186096527
sub-04,run-02,nodding,jdac_nodenoise,20.08525568723508,0.7944099841839054,0.6534398270749294,19.55744874101686,0.7895642648213781,0.6633912979772615
sub-04,run-03,shaking,preproc,13.258624613243729,0.38686031366339124,0.3839244378922588,13.258624613243729,0.38686031366339124,0.3839244378922588
sub-04,run-03,shaking,jdac,13.782483356367095,0.41010857424840125,0.3888810911506905,13.817817236963545,0.4209312146339096,0.40285592017757893
sub-04,run-03,shaking,jdac_antiartonly,13.441052398895277,0.39378890505323644,0.38219553083661517,13.31878802724167,0.3952630431853349,0.37478538511852993
sub-04,run-03,shaking,jdac_nodenoise,13.811177936440298,0.4087492752846172,0.37604216535969787,13.52173255726925,0.40509615802945986,0.3589686773586275
sub-05,run-02,nodding,preproc,19.01363038289312,0.7314427786664586,0.594406225848986,19.01363038289312,0.7314427786664586,0.594406225848986
sub-05,run-02,nodding,jdac,19.821100639339697,0.7640650325176319,0.6090495162291356,20.943592456762712,0.8080402664758712,0.6956666955057385
sub-05,run-02,nodding,jdac_antiartonly,19.389564486931672,0.7479647490744182,0.6090676421025667,19.250177029527585,0.7511428083785756,0.6094360975823844
sub-05,run-02,nodding,jdac_nodenoise,19.151319110465053,0.7389268560952239,0.5950793762184958,18.449191566759037,0.7268592154255712,0.5909674209048797
sub-05,run-03,shaking,preproc,13.085628754024494,0.38881406687842684,0.3758840426353876,13.085628754024494,0.38881406687842684,0.3758840426353876
sub-05,run-03,shaking,jdac,13.406434585789915,0.4008297863766663,0.3764846725328394,13.570418853512516,0.4237583702196906,0.40844022432709753
sub-05,run-03,shaking,jdac_antiartonly,13.394180542031757,0.4008384510740179,0.3790212585356608,13.179412637321061,0.402554582029925,0.3715466285477951
sub-05,run-03,shaking,jdac_nodenoise,13.718093257012375,0.4181214104676595,0.3722564249409911,13.44862269788125,0.4106456547730814,0.35486432776456667
sub-06,run-02,nodding,preproc,22.710292821507924,0.8838919009493593,0.7998832952365227,22.710292821507924,0.8838919009493593,0.7998832952365227
sub-06,run-02,nodding,jdac,22.544511151656415,0.8664168315844295,0.7283745213925354,25.658507539737506,0.9292338337905892,0.872058943300564
sub-06,run-02,nodding,jdac_antiartonly,22.88513584093178,0.8930245831201645,0.8108646887566308,22.958062225377148,0.9000698799354495,0.823056610250055
sub-06,run-02,nodding,jdac_nodenoise,21.80367781683295,0.8701601191024227,0.759649958233632,22.083442931792305,0.8939314733103504,0.8207301494603209
sub-06,run-03,shaking,preproc,16.72316941980058,0.6714267216260624,0.5597161292527014,16.72316941980058,0.6714267216260624,0.5597161292527014
sub-06,run-03,shaking,jdac,17.505790348900504,0.6966671933270397,0.557635335840218,18.19231056035082,0.7380809745678386,0.626410040057785
sub-06,run-03,shaking,jdac_antiartonly,16.96726925374459,0.6854389844395992,0.5671267711885574,16.87007252886349,0.6884012038107175,0.5671245458933412
sub-06,run-03,shaking,jdac_nodenoise,17.0880145894512,0.6808591325385304,0.5454929407531743,16.76711466457837,0.6787690306705019,0.5538621705434388
sub-07,run-02,nodding,preproc,17.12165567332276,0.6378492833300762,0.5164884132927225,17.12165567332276,0.6378492833300762,0.5164884132927225
sub-07,run-02,nodding,jdac,17.87660566870779,0.6723551754049611,0.5323353443016683,18.326080761199947,0.7037459589279802,0.5701259928484776
sub-07,run-02,nodding,jdac_antiartonly,17.57399118346629,0.6565083122651866,0.5267725999503525,17.454877771058467,0.6611985705691354,0.5236476528159016
sub-07,run-02,nodding,jdac_nodenoise,17.423122001628215,0.6512233486984406,0.5104086263123468,17.033241920558684,0.6480655815878121,0.5119256430576462
sub-07,run-03,shaking,preproc,13.785450252512817,0.42119098350731204,0.40008925803930395,13.785450252512817,0.42119098350731204,0.40008925803930395
sub-07,run-03,shaking,jdac,14.016547968422666,0.4426568814668238,0.3995922865643471,14.121362862148878,0.45812695421253374,0.41521581236706134
sub-07,run-03,shaking,jdac_antiartonly,13.953335551597384,0.4330858408587737,0.40073469678285445,13.785504353232572,0.43506136485177027,0.3936041493532344
sub-07,run-03,shaking,jdac_nodenoise,14.052262799485497,0.4433376856633043,0.39136879813888653,13.824052187354152,0.4379915554918928,0.377494549049512
sub-08,run-02,nodding,preproc,16.470456055302233,0.6240306110225877,0.5174644542323745,16.470456055302233,0.6240306110225877,0.5174644542323745
sub-08,run-02,nodding,jdac,17.221009605331787,0.6520680370718661,0.5314181597522095,17.663707085196563,0.6847930876729722,0.5710504945965763
sub-08,run-02,nodding,jdac_antiartonly,16.870937875507984,0.6385599338774202,0.5298888762646855,16.653279901379772,0.6382297835329619,0.5242191720782536
sub-08,run-02,nodding,jdac_nodenoise,16.866657796893826,0.6358811904254316,0.5247585200764745,16.247828433135865,0.618095315296345,0.512009988021879
sub-08,run-03,shaking,preproc,12.69209284996707,0.4712910771650638,0.4647914380745737,12.69209284996707,0.4712910771650638,0.4647914380745737
sub-08,run-03,shaking,jdac,14.221248510482226,0.49850386086837944,0.4587220680050375,14.194457567275698,0.5169048996161286,0.48034856105681256
sub-08,run-03,shaking,jdac_antiartonly,13.44620611881754,0.48117721438020206,0.4603522664225709,13.113301769804277,0.4812532638438871,0.4552146415695847
sub-08,run-03,shaking,jdac_nodenoise,14.025846868169896,0.48767982509957597,0.4479137449919952,13.697920654416924,0.48147896784660904,0.43322297466181364
sub-09,run-02,nodding,preproc,16.90231914493944,0.6527831986603359,0.5539682898892002,16.90231914493944,0.6527831986603359,0.5539682898892002
sub-09,run-02,nodding,jdac,17.592401814563637,0.6807390374690949,0.5585611815842416,18.525595932090543,0.7227572559767677,0.6208249533193816
sub-09,run-02,nodding,jdac_antiartonly,17.231473912385688,0.6710103042032807,0.5666819088570703,16.993505536896233,0.6725525207121429,0.5605660954379185
sub-09,run-02,nodding,jdac_nodenoise,17.21024049499875,0.673516683583202,0.5565537947066729,16.79888659124218,0.6635726985948409,0.5499995015814153
sub-09,run-03,shaking,preproc,16.00310916439794,0.5646541599366346,0.501727655655803,16.00310916439794,0.5646541599366346,0.501727655655803
sub-09,run-03,shaking,jdac,16.61397996175914,0.5962142742643565,0.5082209877349039,17.578460197875362,0.6436902654317249,0.5657121656638422
sub-09,run-03,shaking,jdac_antiartonly,16.087393371691597,0.576178794113769,0.5069479897241482,15.881552553653098,0.5794417923652309,0.5060675045245532
sub-09,run-03,shaking,jdac_nodenoise,15.957928412368805,0.5727354644812228,0.49401391013918305,15.57145919751809,0.569496888020872,0.4961505284947056
sub-10,run-02,nodding,preproc,20.594918234247295,0.8271750355574599,0.7370403406199562,20.594918234247295,0.8271750355574599,0.7370403406199562
sub-10,run-02,nodding,jdac,21.81701773706709,0.8471637206520891,0.7271721850147909,22.702503189185506,0.8784814968319279,0.7980636624082972
sub-10,run-02,nodding,jdac_antiartonly,21.428412996723868,0.843162424872381,0.7519277916480946,21.34560437443327,0.8476913599153401,0.7552485505311214
sub-10,run-02,nodding,jdac_nodenoise,21.138759064399117,0.8320601534815674,0.7114291383871157,21.01702222540634,0.8428933284687441,0.7431660883064554
sub-10,run-03,shaking,preproc,12.017737150355039,0.4321423473056885,0.42998836162184273,12.017737150355039,0.4321423473056885,0.42998836162184273
sub-10,run-03,shaking,jdac,14.417874526049179,0.4678456981538404,0.42779063582912774,14.363977326781889,0.4820845794437332,0.4488363208546502
sub-10,run-03,shaking,jdac_antiartonly,13.636169460399312,0.44731480812027424,0.42353251603537556,13.32359329741071,0.44846489465025496,0.41817678925465973
sub-10,run-03,shaking,jdac_nodenoise,14.602053628339032,0.4683810673136201,0.4144507200492623,14.272182456419651,0.4621588175185998,0.3989988964084596
sub-11,run-02,nodding,preproc,23.11643649584901,0.883750267204126,0.7920901438299924,23.11643649584901,0.883750267204126,0.7920901438299924
sub-11,run-02,nodding,jdac,22.963350196849866,0.8703532767777025,0.7359166116788475,25.856217111661906,0.9322667353319434,0.8725374743379846
sub-11,run-02,nodding,jdac_antiartonly,23.186089453312878,0.8914654828614451,0.7996521462506913,23.34535263135422,0.9004779917490074,0.8156068031358132
sub-11,run-02,nodding,jdac_nodenoise,21.991555266953043,0.8674139272817665,0.7490280723775611,22.178763998225545,0.8879753655801751,0.8028969756154386
sub-11,run-03,shaking,preproc,13.013020123219308,0.5668196374014397,0.5263631420980445,13.013020123219308,0.5668196374014397,0.5263631420980445
sub-11,run-03,shaking,jdac,15.377728775983165,0.5948765461450203,0.5121609268231485,15.419624354777085,0.6301757275654728,0.5587311303452063
sub-11,run-03,shaking,jdac_antiartonly,14.403651398334285,0.5868621501934841,0.5259312920805428,14.037196582082876,0.588230865150228,0.5238350391984651
sub-11,run-03,shaking,jdac_nodenoise,15.357397182781527,0.5943824892248426,0.5118258765256493,14.908182577886196,0.581578933380984,0.4955153438936513
sub-12,run-02,nodding,preproc,17.064070742144754,0.6350475467320924,0.5095014448782265,17.064070742144754,0.6350475467320924,0.5095014448782265
sub-12,run-02,nodding,jdac,17.856739233808575,0.6632009848023569,0.51930904131489,18.64745193856473,0.713962841397083,0.5678423228470992
sub-12,run-02,nodding,jdac_antiartonly,17.506239505786617,0.6518661702616322,0.5195389332219752,17.324420516393626,0.6537229971569188,0.5188054866317664
sub-12,run-02,nodding,jdac_nodenoise,17.327951197683895,0.6435135251678292,0.5098450769356688,16.72549677583251,0.6300650764441469,0.5101849291803231
sub-12,run-03,shaking,preproc,15.237012700046876,0.5711008759932718,0.4891382413145408,15.237012700046876,0.5711008759932718,0.4891382413145408
sub-12,run-03,shaking,jdac,16.603488970714363,0.6008438908884878,0.49651502248987844,17.04197958802203,0.6382792325129603,0.541196316203248
sub-12,run-03,shaking,jdac_antiartonly,16.041651045817783,0.5886184261052145,0.49734562474938804,15.777251707678797,0.5909559157896506,0.49229266685855294
sub-12,run-03,shaking,jdac_nodenoise,16.53311999175698,0.5930895132806534,0.4890989167185929,16.074562653236757,0.5854333179185378,0.47670019216117626
sub-13,run-02,nodding,preproc,17.560444347842427,0.7045279237976508,0.6077685321937575,17.560444347842427,0.7045279237976508,0.6077685321937575
sub-13,run-02,nodding,jdac,19.000135403525647,0.7361083614412387,0.6208718157649411,19.76474058500548,0.7730441852971599,0.6780980709478687
sub-13,run-02,nodding,jdac_antiartonly,18.47515247503194,0.724961077671985,0.6248885469697373,18.29882418934349,0.726842977167909,0.6225994170041228
sub-13,run-02,nodding,jdac_nodenoise,18.566078927950237,0.7228242578369204,0.6089694142212566,17.97073431917044,0.7130953835983664,0.6107323211490653
sub-13,run-03,shaking,preproc,12.806783179450631,0.38682251926509914,0.3805993954298209,12.806783179450631,0.38682251926509914,0.3805993954298209
sub-13,run-03,shaking,jdac,12.913434072549483,0.39609338949461476,0.37872639692238186,13.024064684907747,0.40826493233272054,0.39180982813987436
sub-13,run-03,shaking,jdac_antiartonly,12.849997488279106,0.3944865931073892,0.3777261014770371,12.748703356248187,0.3965261465110867,0.3728485168786089
sub-13,run-03,shaking,jdac_nodenoise,12.94459964091386,0.3988736879165436,0.3670743735498974,12.804214658369615,0.39671886956854474,0.3552903609180613
sub-14,run-02,nodding,preproc,19.98930594126932,0.7792788130340579,0.6659499058144102,19.98930594126932,0.7792788130340579,0.6659499058144102
sub-14,run-02,nodding,jdac,20.53122037662944,0.7996388985310857,0.6709770334521669,21.23383317702105,0.8323540986286597,0.7219685183213196
sub-14,run-02,nodding,jdac_antiartonly,20.357120176384505,0.794104584566796,0.6802319785958352,20.18053128063553,0.7965774824535047,0.6785338417087184
sub-14,run-02,nodding,jdac_nodenoise,19.95775706787021,0.7789232507385158,0.6460815304506237,19.561339597746027,0.7821472755415343,0.6619048284196035
sub-14,run-03,shaking,preproc,19.760213989243404,0.7492553010578816,0.6309404104935034,19.760213989243404,0.7492553010578816,0.6309404104935034
sub-14,run-03,shaking,jdac,19.908271835075787,0.7666391452697794,0.6239778747306547,20.624516545502875,0.8006926319281693,0.685674694713699
sub-14,run-03,shaking,jdac_antiartonly,20.019952222504486,0.7636753233182328,0.6412029352450848,19.847646636872074,0.7646475922630261,0.6365891934958609
sub-14,run-03,shaking,jdac_nodenoise,19.757486321706125,0.7545166414107904,0.6159083698536125,19.31224692471642,0.7462725443329844,0.6092273900984709
sub-15,run-02,nodding,preproc,18.896989951182526,0.7733710940937445,0.6532729258838004,18.896989951182526,0.7733710940937445,0.6532729258838004
sub-15,run-02,nodding,jdac,20.123708779976855,0.7940285331395763,0.6519494932477574,20.844115402123457,0.8332318184075767,0.7288468696839848
sub-15,run-02,nodding,jdac_antiartonly,19.7930288628164,0.7895226390473434,0.6659275959584874,19.659361887086398,0.7941617905873092,0.670863085417953
sub-15,run-02,nodding,jdac_nodenoise,19.337527800904525,0.769450201865362,0.6246812544759471,19.145070959598684,0.7772772946777234,0.6522122503556995
sub-15,run-03,shaking,preproc,13.163076503138843,0.4074371514102179,0.39003751590282576,13.163076503138843,0.4074371514102179,0.39003751590282576
sub-15,run-03,shaking,jdac,13.610148042445138,0.42641916741155883,0.3943282355339515,13.664252329322862,0.43985027896304535,0.40950348253038255
sub-15,run-03,shaking,jdac_antiartonly,13.357536840465245,0.4171369215179363,0.39071857963192885,13.224069465336568,0.4180198147355631,0.38449821249392274
sub-15,run-03,shaking,jdac_nodenoise,13.686474586423556,0.42804781014337295,0.38543862590222994,13.525921792513977,0.42247152783335856,0.3712945484107757
sub-16,run-02,nodding,preproc,18.24232990977977,0.6923025727877323,0.5636140086543355,18.24232990977977,0.6923025727877323,0.5636140086543355
sub-16,run-02,nodding,jdac,18.636216515839415,0.7161247336459977,0.5718164859272501,19.130779384155097,0.7505860987665667,0.6216717939510673
sub-16,run-02,nodding,jdac_antiartonly,18.338374163679767,0.7049140465825529,0.572819954434931,18.252245277094225,0.7080556013123529,0.5756648395117103
sub-16,run-02,nodding,jdac_nodenoise,18.095159552022174,0.6920054122147953,0.5541236851507964,17.545030104119416,0.6829746686836016,0.563056167363035
sub-16,run-03,shaking,preproc,16.9140456534904,0.5943951431780903,0.5256959446319434,16.9140456534904,0.5943951431780903,0.5256959446319434
sub-16,run-03,shaking,jdac,17.42206423060967,0.6250714380593346,0.539672541647715,17.805388810697618,0.6528306186523639,0.5776296445552888
sub-16,run-03,shaking,jdac_antiartonly,17.185874081518637,0.6092320923603338,0.5338807205594316,17.105713794047695,0.6125771397407521,0.5314841763476224
sub-16,run-03,shaking,jdac_nodenoise,17.08780089691945,0.6054198314626096,0.5210353071984614,16.725915509088857,0.5983152973321839,0.5140790663905678
sub-17,run-02,nodding,preproc,18.861125223064224,0.7769409078700974,0.6674553168113107,18.861125223064224,0.7769409078700974,0.6674553168113107
sub-17,run-02,nodding,jdac,19.846380086092456,0.790820195072706,0.6445738086246078,21.962669552734482,0.851018757231238,0.7648448399274379
sub-17,run-02,nodding,jdac_antiartonly,19.56119346588054,0.793970631656039,0.6846405779000122,19.399239335008694,0.7988624635589012,0.6867516335186459
sub-17,run-02,nodding,jdac_nodenoise,19.500290518389875,0.7899739130823689,0.6655531330874886,19.009869193917236,0.7899146505681677,0.6787033417800471
sub-17,run-03,shaking,preproc,18.188700198280245,0.7348366468643803,0.616134315021417,18.188700198280245,0.7348366468643803,0.616134315021417
sub-17,run-03,shaking,jdac,19.05017785940748,0.7557310680020827,0.6125289430027246,20.417428546805336,0.8008735412475008,0.6987539767009552
sub-17,run-03,shaking,jdac_antiartonly,18.588982801697995,0.7481154055198711,0.627308558061758,18.470058403417585,0.7521125825706445,0.6297410019245376
sub-17,run-03,shaking,jdac_nodenoise,18.469914288932056,0.7391053266149015,0.6065644745512963,17.92973785524389,0.7315004233266348,0.6107340585418954
sub-18,run-02,nodding,preproc,20.811551027604274,0.8397187716512865,0.7718102521818287,20.811551027604274,0.8397187716512865,0.7718102521818287
sub-18,run-02,nodding,jdac,21.641017298991976,0.8433107551820371,0.7255438332258359,23.08181413816215,0.8845063468588413,0.8209807944517804
sub-18,run-02,nodding,jdac_antiartonly,21.347440050470574,0.8518526660163053,0.7807095701978918,21.38581823599338,0.8580022972709983,0.7890970819508291
sub-18,run-02,nodding,jdac_nodenoise,20.897047890935816,0.8366849903156899,0.7352399197046317,20.895208948840178,0.8521004729277949,0.7749661481063729
sub-18,run-03,shaking,preproc,17.69701388717553,0.6805077457470573,0.5892645442546703,17.69701388717553,0.6805077457470573,0.5892645442546703
sub-18,run-03,shaking,jdac,18.740026933185717,0.7070845107291737,0.5909829149904324,19.658143991578218,0.7498788379022998,0.6541870334652938
sub-18,run-03,shaking,jdac_antiartonly,18.387644401001953,0.7008586326627448,0.6014770532752638,18.240137022365023,0.7039785952187334,0.6029634178415848
sub-18,run-03,shaking,jdac_nodenoise,18.359101143112543,0.6965903562377916,0.5822104970907266,17.908204480047164,0.6925440224947796,0.5846909120273168
sub-19,run-02,nodding,preproc,16.839653396399086,0.6056166775190941,0.5272422869200543,16.839653396399086,0.6056166775190941,0.5272422869200543
sub-19,run-02,nodding,jdac,17.228663094480922,0.6271787199334637,0.5339627484063796,17.900192946148444,0.6645077410280071,0.5723208513830614
sub-19,run-02,nodding,jdac_antiartonly,16.905586671317657,0.6148259679796872,0.5303336654658436,16.822495978326405,0.6187028997821956,0.5321991344048758
sub-19,run-02,nodding,jdac_nodenoise,16.53668157828453,0.5991902151155248,0.5070105685758073,16.20628421362523,0.5943769246337628,0.511889026021664
sub-19,run-03,shaking,preproc,17.26941736468901,0.6477861425534915,0.5635972284611951,17.26941736468901,0.6477861425534915,0.5635972284611951
sub-19,run-03,shaking,jdac,18.023152304015987,0.6792709096954593,0.5686586128151474,18.72577251953317,0.7166618065009224,0.6188145079627598
sub-19,run-03,shaking,jdac_antiartonly,17.51521510358391,0.660905634956763,0.5697299059348797,17.435365373231114,0.6645982120287288,0.5698403580136178
sub-19,run-03,shaking,jdac_nodenoise,17.421604239478373,0.6544424517625733,0.5511268803742119,17.088224247526433,0.6504667719361082,0.5521647409220416
sub-20,run-02,nodding,preproc,21.18042426074068,0.8423520627629878,0.7381913517681071,21.18042426074068,0.8423520627629878,0.7381913517681071
sub-20,run-02,nodding,jdac,21.93052804918682,0.852202374480012,0.7237742093490772,23.350880086129578,0.894665212946087,0.82001906678983
sub-20,run-02,nodding,jdac_antiartonly,21.818454413023733,0.8581484182429724,0.7581300222484783,21.740258253436856,0.863672081551634,0.7628400512868989
sub-20,run-02,nodding,jdac_nodenoise,21.38129490041195,0.8449824979124967,0.7231809977434747,21.253859369112046,0.8585712415093263,0.7582234941449193
sub-20,run-03,shaking,preproc,12.688515193609387,0.3716571992180982,0.36618084832781306,12.688515193609387,0.3716571992180982,0.36618084832781306
sub-20,run-03,shaking,jdac,12.73867824211451,0.38607136670238046,0.3701124912106853,12.791906877895743,0.4004341902900262,0.3862148008636797
sub-20,run-03,shaking,jdac_antiartonly,12.652003661524526,0.38000976376637996,0.3664582699279473,12.502542845414554,0.38150596625572725,0.3600591341714803
sub-20,run-03,shaking,jdac_nodenoise,12.822382312103937,0.3879719975223102,0.35882526363199096,12.565324890750695,0.38421833084966056,0.34552163869100555
sub-21,run-02,nodding,preproc,19.604890961297276,0.813999973762612,0.7281369788686479,19.604890961297276,0.813999973762612,0.7281369788686479
sub-21,run-02,nodding,jdac,20.071496116872204,0.7982919219191744,0.6528590406465807,22.492808417915256,0.8723370756559714,0.8049746154450595
sub-21,run-02,nodding,jdac_antiartonly,20.269823731116567,0.8294755591456852,0.7444244299381049,20.15889787453307,0.8360379639005254,0.7525991902173179
sub-21,run-02,nodding,jdac_nodenoise,20.002858586514222,0.817336488585238,0.7054881972460836,19.88806456531845,0.8337589530239374,0.745985221544946
sub-21,run-03,shaking,preproc,12.500495900396128,0.3689126680382952,0.36518309711898334,12.500495900396128,0.3689126680382952,0.36518309711898334
sub-21,run-03,shaking,jdac,12.641326963564673,0.38713325990033753,0.37091432239541566,12.845662136844338,0.4040069302971136,0.39794647229392444
sub-21,run-03,shaking,jdac_antiartonly,12.440324784773136,0.3752072207940282,0.36452022934363676,12.293860568522014,0.37647696079671067,0.35964591889231506
sub-21,run-03,shaking,jdac_nodenoise,12.623664925285645,0.3852169850541849,0.3553681979092391,12.348715163691589,0.3826105593775087,0.3468257671234672
sub-22,run-02,nodding,preproc,16.96199721279157,0.7245904598420233,0.63627208745044,16.96199721279157,0.7245904598420233,0.63627208745044
sub-22,run-02,nodding,jdac,18.61890116043439,0.7356776404115898,0.6160918945672814,19.404308734932556,0.777088972507603,0.6957695360531136
sub-22,run-02,nodding,jdac_antiartonly,18.27174547343559,0.7416293344495781,0.6471608399187996,17.944618212370088,0.7433843719072278,0.6398423818954379
sub-22,run-02,nodding,jdac_nodenoise,18.74813674921993,0.7382590089817624,0.6221851241434935,18.160054418601707,0.7295441073107802,0.6150286334343137
sub-22,run-03,shaking,preproc,17.466088430882007,0.7405883270267842,0.652098469403871,17.466088430882007,0.7405883270267842,0.652098469403871
sub-22,run-03,shaking,jdac,18.820458585989023,0.7443885520234876,0.6103761720041158,19.929310134129597,0.7969263172567169,0.71090227968447
sub-22,run-03,shaking,jdac_antiartonly,18.357936810375342,0.755620332162113,0.6601456621920628,18.21133269123453,0.7615288609296478,0.6627649207858404
sub-22,run-03,shaking,jdac_nodenoise,18.712647947410858,0.7490588853373552,0.6261015097242912,18.382560256379126,0.7512364142933792,0.638126655599488
