sub,condition,run,mae_within,mae_truth,offset,sd_moved,sd_truth
sub-01,brut,run-02,0.24979411764705883,0.24979411764705883,0.0,0.2738582780436424,0.4202972692709633
sub-01,preproc,run-02,0.20239705882352943,0.23623529411764707,0.09248529411764708,0.27743497446621185,0.4202972692709633
sub-01,preproc,run-03,0.2996470588235294,0.3317205882352941,0.09248529411764708,0.27946869312855344,0.4202972692709633
sub-01,jdac,run-02,0.24691176470588239,0.37616176470588236,0.2655441176470589,0.3488678751864921,0.4202972692709633
sub-01,jdac,run-03,0.3690147058823529,0.4880588235294119,0.2655441176470589,0.23456444421502465,0.4202972692709633
sub-01,jdac_antiartonly,run-02,0.2111911764705882,0.2325882352941176,0.10427941176470587,0.28956247307293786,0.4202972692709633
sub-01,jdac_antiartonly,run-03,0.353764705882353,0.3488676470588235,0.10427941176470587,0.25674167342769133,0.4202972692709633
sub-01,jdac_nodenoise,run-02,0.16229411764705884,0.24989705882352944,0.20872058823529413,0.33568965969999665,0.4202972692709633
sub-01,jdac_nodenoise,run-03,0.330764705882353,0.319014705882353,0.20872058823529413,0.2897701410353477,0.4202972692709633
sub-02,brut,run-02,0.3263088235294118,0.3263088235294118,0.0,0.34217928724293944,0.3311704318271689
sub-02,brut,run-03,0.2744558823529411,0.2744558823529411,0.0,0.18771010236141747,0.3311704318271689
sub-02,preproc,run-02,0.3737794117647059,0.3697794117647059,0.07464705882352941,0.36916267640509204,0.3311704318271689
sub-02,preproc,run-03,0.2594558823529412,0.29692647058823535,0.07464705882352941,0.21251774289403727,0.3311704318271689
sub-02,jdac,run-02,0.39658823529411763,0.372485294117647,0.2525735294117647,0.3602652239762707,0.3311704318271689
sub-02,jdac,run-03,0.32394117647058823,0.3855147058823529,0.2525735294117647,0.17562961615853112,0.3311704318271689
sub-02,jdac_antiartonly,run-02,0.4791323529411765,0.4012058823529412,0.21010294117647058,0.42263680087298483,0.3311704318271689
sub-02,jdac_antiartonly,run-03,0.3444999999999999,0.30319117647058835,0.21010294117647058,0.20825852189117855,0.3311704318271689
sub-02,jdac_nodenoise,run-02,0.7177205882352942,0.5018676470588236,0.30508823529411766,0.4746271583259268,0.3311704318271689
sub-02,jdac_nodenoise,run-03,0.44039705882352936,0.26957352941176477,0.30508823529411766,0.22775947874464714,0.3311704318271689
sub-03,brut,run-02,0.3671176470588235,0.3671176470588235,0.0,0.34574863202853734,0.39367950084481895
sub-03,brut,run-03,0.22032352941176472,0.22032352941176472,0.0,0.2773537450050126,0.39367950084481895
sub-03,preproc,run-02,0.39088235294117646,0.3675,0.08638235294117648,0.3945851521204574,0.39367950084481895
sub-03,preproc,run-03,0.1741029411764706,0.20686764705882354,0.08638235294117648,0.2877769170637774,0.39367950084481895
sub-03,jdac,run-02,0.45023529411764707,0.4011176470588236,0.17729411764705882,0.3930950718510834,0.39367950084481895
sub-03,jdac,run-03,0.21991176470588233,0.24188235294117647,0.17729411764705882,0.28709761435235404,0.39367950084481895
sub-03,jdac_antiartonly,run-02,0.5173235294117647,0.49623529411764705,0.0865882352941176,0.48835408176313494,0.39367950084481895
sub-03,jdac_antiartonly,run-03,0.2239852941176471,0.22413235294117645,0.0865882352941176,0.3576321639700243,0.39367950084481895
sub-03,jdac_nodenoise,run-02,0.47816176470588234,0.4731323529411764,0.16061764705882348,0.39825378278784596,0.39367950084481895
sub-03,jdac_nodenoise,run-03,0.28888235294117637,0.25547058823529417,0.16061764705882348,0.38739895876016955,0.39367950084481895
sub-04,brut,run-02,0.24207352941176474,0.24207352941176474,0.0,0.3385762098380592,0.37673016818735905
sub-04,brut,run-03,0.3418235294117648,0.3418235294117648,0.0,0.22653656140306935,0.37673016818735905
sub-04,preproc,run-02,0.24302941176470588,0.2592941176470588,0.09085294117647058,0.3152489250851457,0.37673016818735905
sub-04,preproc,run-03,0.3434705882352942,0.3998235294117647,0.09085294117647058,0.24717571451394346,0.37673016818735905
sub-04,jdac,run-02,0.31014705882352944,0.3694558823529412,0.2162205882352941,0.39776674640780246,0.37673016818735905
sub-04,jdac,run-03,0.376014705882353,0.449735294117647,0.2162205882352941,0.36435975905836687,0.37673016818735905
sub-04,jdac_antiartonly,run-02,0.2797058823529412,0.27745588235294116,0.20813235294117646,0.3649783449383326,0.37673016818735905
sub-04,jdac_antiartonly,run-03,0.3622941176470589,0.3204558823529413,0.20813235294117646,0.25400229513732886,0.37673016818735905
sub-04,jdac_nodenoise,run-02,0.28667647058823525,0.3052647058823529,0.2792941176470588,0.4272820247395109,0.37673016818735905
sub-04,jdac_nodenoise,run-03,0.4646176470588236,0.3220882352941176,0.2792941176470588,0.3279582763645347,0.37673016818735905
sub-05,brut,run-02,0.3012058823529412,0.3012058823529412,0.0,0.3786505065384751,0.3439168370773454
sub-05,brut,run-03,0.5133676470588235,0.5133676470588235,0.0,0.30425725420107436,0.3439168370773454
sub-05,preproc,run-02,0.280514705882353,0.29154411764705884,0.07520588235294116,0.3898780138346375,0.3439168370773454
sub-05,preproc,run-03,0.5245588235294116,0.5672941176470588,0.07520588235294116,0.3297177108925258,0.3439168370773454
sub-05,jdac,run-02,0.3656911764705882,0.3821029411764706,0.26761764705882357,0.41303060959213744,0.3439168370773454
sub-05,jdac,run-03,0.46911764705882364,0.4520294117647059,0.26761764705882357,0.4035668697915223,0.3439168370773454
sub-05,jdac_antiartonly,run-02,0.31126470588235294,0.2996764705882353,0.12002941176470587,0.365912798698129,0.3439168370773454
sub-05,jdac_antiartonly,run-03,0.4415735294117647,0.42286764705882346,0.12002941176470587,0.48826217518053566,0.3439168370773454
sub-05,jdac_nodenoise,run-02,0.29591176470588243,0.3066911764705883,0.23363235294117646,0.39167205221734613,0.3439168370773454
sub-05,jdac_nodenoise,run-03,0.830955882352941,0.8911176470588235,0.23363235294117646,0.9224654708961252,0.3439168370773454
sub-06,brut,run-02,0.18594117647058822,0.18594117647058822,0.0,0.2763176537714827,0.33198968740925233
sub-06,brut,run-03,0.25930882352941176,0.25930882352941176,0.0,0.26598760095733365,0.33198968740925233
sub-06,preproc,run-02,0.1476029411764706,0.18614705882352944,0.10410294117647062,0.2730689254743232,0.33198968740925233
sub-06,preproc,run-03,0.2059264705882352,0.26108823529411757,0.10410294117647062,0.2596571399627324,0.33198968740925233
sub-06,jdac,run-02,0.18108823529411766,0.32845588235294115,0.25125,0.41507343141660413,0.33198968740925233
sub-06,jdac,run-03,0.2636323529411765,0.3378823529411765,0.25125,0.18726079796110282,0.33198968740925233
sub-06,jdac_antiartonly,run-02,0.17333823529411763,0.2921617647058824,0.25852941176470584,0.3710982869033233,0.33198968740925233
sub-06,jdac_antiartonly,run-03,0.3070588235294118,0.292764705882353,0.25852941176470584,0.23279510287156668,0.33198968740925233
sub-06,jdac_nodenoise,run-02,0.14879411764705885,0.3593823529411765,0.32620588235294123,0.4429446013734277,0.33198968740925233
sub-06,jdac_nodenoise,run-03,0.27597058823529413,0.28605882352941175,0.32620588235294123,0.33747708893717004,0.33198968740925233
sub-07,brut,run-02,0.23195588235294118,0.23195588235294118,0.0,0.2834415064467831,0.3551474103176196
sub-07,brut,run-03,0.31642647058823536,0.31642647058823536,0.0,0.2824616809148636,0.3551474103176196
sub-07,preproc,run-02,0.21177941176470588,0.22274999999999998,0.05679411764705881,0.2940138540959442,0.3551474103176196
sub-07,preproc,run-03,0.33266176470588227,0.3446029411764706,0.05679411764705881,0.23250205423582948,0.3551474103176196
sub-07,jdac,run-02,0.29032352941176476,0.2936029411764705,0.16727941176470587,0.32953109627966304,0.3551474103176196
sub-07,jdac,run-03,0.3338088235294118,0.3644705882352941,0.16727941176470587,0.2889886105584174,0.3551474103176196
sub-07,jdac_antiartonly,run-02,0.28561764705882353,0.23101470588235296,0.13695588235294112,0.3338624820729468,0.3551474103176196
sub-07,jdac_antiartonly,run-03,0.363985294117647,0.3140882352941178,0.13695588235294112,0.30878894116268524,0.3551474103176196
sub-07,jdac_nodenoise,run-02,0.3315735294117647,0.255014705882353,0.20644117647058818,0.3490536946979148,0.3551474103176196
sub-07,jdac_nodenoise,run-03,0.4815735294117647,0.3658970588235294,0.20644117647058818,0.4793835875499822,0.3551474103176196
sub-08,brut,run-02,0.29129411764705876,0.29129411764705876,0.0,0.2790946934158521,0.37500620861117373
sub-08,brut,run-03,0.31367647058823533,0.31367647058823533,0.0,0.3149135544106294,0.37500620861117373
sub-08,preproc,run-02,0.28233823529411767,0.28341176470588236,0.08192647058823532,0.3063730457332819,0.37500620861117373
sub-08,preproc,run-03,0.2698970588235294,0.29761764705882354,0.08192647058823532,0.3546518959428718,0.37500620861117373
sub-08,jdac,run-02,0.34123529411764697,0.37017647058823533,0.1767941176470588,0.36825183050088417,0.37500620861117373
sub-08,jdac,run-03,0.33452941176470585,0.35902941176470593,0.1767941176470588,0.42598761224450765,0.37500620861117373
sub-08,jdac_antiartonly,run-02,0.43226470588235294,0.36447058823529405,0.18050000000000002,0.33728366818902045,0.37500620861117373
sub-08,jdac_antiartonly,run-03,0.3475735294117648,0.34157352941176466,0.18050000000000002,0.42542918576225097,0.37500620861117373
sub-08,jdac_nodenoise,run-02,0.5400588235294117,0.3964705882352941,0.26764705882352946,0.3752217193530722,0.37500620861117373
sub-08,jdac_nodenoise,run-03,0.48358823529411754,0.3372058823529412,0.26764705882352946,0.45800042819851855,0.37500620861117373
sub-09,brut,run-02,0.3226176470588235,0.3226176470588235,0.0,0.3347412570549299,0.379275251233744
sub-09,brut,run-03,0.2656617647058823,0.2656617647058823,0.0,0.24058019932871244,0.379275251233744
sub-09,preproc,run-02,0.37314705882352944,0.35292647058823534,0.08313235294117645,0.3733611775748856,0.379275251233744
sub-09,preproc,run-03,0.23547058823529413,0.26980882352941177,0.08313235294117645,0.26508409055589743,0.379275251233744
sub-09,jdac,run-02,0.4515588235294117,0.4539999999999999,0.2477941176470589,0.37336754629569197,0.379275251233744
sub-09,jdac,run-03,0.24163235294117644,0.3298088235294118,0.2477941176470589,0.31031522391174426,0.379275251233744
sub-09,jdac_antiartonly,run-02,0.5184705882352941,0.4326617647058823,0.17866176470588235,0.3930884420407484,0.379275251233744
sub-09,jdac_antiartonly,run-03,0.2674264705882353,0.24885294117647064,0.17866176470588235,0.27056305669299874,0.379275251233744
sub-09,jdac_nodenoise,run-02,0.5554411764705883,0.42482352941176466,0.24211764705882352,0.2909428449463244,0.379275251233744
sub-09,jdac_nodenoise,run-03,0.32780882352941176,0.2546617647058824,0.24211764705882352,0.2794596001749422,0.379275251233744
sub-10,brut,run-02,0.2206176470588235,0.2206176470588235,0.0,0.24603442150878843,0.40587774225664347
sub-10,brut,run-03,0.4305,0.4305,0.0,0.21264518409683908,0.40587774225664347
sub-10,preproc,run-02,,0.24586764705882355,,0.29597168433484816,0.40587774225664347
sub-10,preproc,run-03,,0.39182352941176474,,0.2318460191641916,0.40587774225664347
sub-10,jdac,run-02,0.27207352941176466,0.3375441176470589,0.1813823529411765,0.33965561885613543,0.40587774225664347
sub-10,jdac_antiartonly,run-02,0.2937647058823529,0.2819705882352941,0.14361764705882354,0.30408420168109374,0.40587774225664347
sub-10,jdac_antiartonly,run-03,0.38316176470588226,0.39295588235294115,0.14361764705882354,0.33095208520891123,0.40587774225664347
sub-10,jdac_nodenoise,run-02,0.2871764705882353,0.2487205882352941,0.21195588235294116,0.38332152963720484,0.40587774225664347
sub-10,jdac_nodenoise,run-03,0.46219117647058827,0.40782352941176464,0.21195588235294116,0.4918294089127512,0.40587774225664347
sub-11,brut,run-02,0.17313235294117646,0.17313235294117646,0.0,0.369084928697647,0.3535804272368904
sub-11,brut,run-03,0.4758382352941176,0.4758382352941176,0.0,0.309626970825113,0.3535804272368904
sub-11,preproc,run-02,0.19570588235294117,0.2212058823529412,0.10402941176470586,0.3625788534017846,0.3535804272368904
sub-11,jdac,run-02,0.1746764705882353,0.2949264705882353,0.24283823529411763,0.43005078691239296,0.3535804272368904
sub-11,jdac_antiartonly,run-02,0.16557352941176476,0.3271911764705882,0.25682352941176473,0.4279700299973631,0.3535804272368904
sub-11,jdac_antiartonly,run-03,0.4589558823529412,0.44392647058823537,0.25682352941176473,0.4027999487673173,0.3535804272368904
sub-11,jdac_nodenoise,run-02,0.1292058823529412,0.4113088235294118,0.3752499999999999,0.45245995534856986,0.3535804272368904
sub-11,jdac_nodenoise,run-03,0.5262205882352943,0.3780294117647059,0.3752499999999999,0.43409770690432836,0.3535804272368904
sub-12,brut,run-02,0.3037352941176471,0.3037352941176471,0.0,0.38816847435925494,0.40593990778898925
sub-12,brut,run-03,0.30719117647058825,0.30719117647058825,0.0,0.28575698799791416,0.40593990778898925
sub-12,preproc,run-02,0.2848676470588235,0.29425,0.10873529411764704,0.39095536504044415,0.40593990778898925
sub-12,preproc,run-03,0.28197058823529403,0.3276470588235294,0.10873529411764704,0.3239117374414311,0.40593990778898925
sub-12,jdac,run-02,0.3635588235294117,0.4410735294117648,0.27998529411764705,0.4406163045456115,0.40593990778898925
sub-12,jdac,run-03,0.30055882352941177,0.40595588235294117,0.27998529411764705,0.31878596803384646,0.40593990778898925
sub-12,jdac_antiartonly,run-02,0.39145588235294115,0.3310441176470588,0.2408529411764706,0.4262690488638779,0.40593990778898925
sub-12,jdac_antiartonly,run-03,0.3631617647058823,0.3108088235294118,0.2408529411764706,0.33482640267721264,0.40593990778898925
sub-12,jdac_nodenoise,run-02,0.3830000000000001,0.3398088235294118,0.30242647058823524,0.4589212242629629,0.40593990778898925
sub-12,jdac_nodenoise,run-03,0.4980441176470588,0.32276470588235295,0.30242647058823524,0.39476951939279137,0.40593990778898925
sub-13,brut,run-02,0.21426470588235294,0.21426470588235294,0.0,0.27325786390216156,0.2852840347185949
sub-13,brut,run-03,0.2178088235294118,0.2178088235294118,0.0,0.2505010536411558,0.2852840347185949
sub-13,preproc,run-02,0.2143676470588235,0.22285294117647053,0.05369117647058822,0.291748350240932,0.2852840347185949
sub-13,preproc,run-03,0.22161764705882353,0.24410294117647058,0.05369117647058822,0.24450495936410685,0.2852840347185949
sub-13,jdac,run-02,0.2711617647058824,0.3078235294117646,0.18733823529411767,0.2888489687258329,0.2852840347185949
sub-13,jdac,run-03,0.3063970588235294,0.3350294117647059,0.18733823529411767,0.2886270286665987,0.2852840347185949
sub-13,jdac_antiartonly,run-02,0.29376470588235293,0.24725000000000003,0.1520735294117647,0.30464652728157504,0.2852840347185949
sub-13,jdac_antiartonly,run-03,0.2727794117647059,0.2474117647058824,0.1520735294117647,0.27534593573967675,0.2852840347185949
sub-13,jdac_nodenoise,run-02,0.32008823529411756,0.21995588235294122,0.21798529411764703,0.3031887250296004,0.2852840347185949
sub-13,jdac_nodenoise,run-03,0.43566176470588236,0.3067352941176471,0.21798529411764703,0.3852979198620775,0.2852840347185949
sub-14,brut,run-02,0.20897058823529416,0.20897058823529416,0.0,0.33395113113966907,0.359018140546463
sub-14,brut,run-03,0.2656470588235294,0.2656470588235294,0.0,0.296320687324748,0.359018140546463
sub-14,preproc,run-02,0.21641176470588233,0.20986764705882355,0.09354411764705886,0.33370887566294183,0.359018140546463
sub-14,preproc,run-03,0.2583529411764706,0.25416176470588236,0.09354411764705886,0.3156425821779015,0.359018140546463
sub-14,jdac,run-02,0.22130882352941175,0.2695882352941177,0.1790735294117647,0.30367295140252554,0.359018140546463
sub-14,jdac,run-03,0.30185294117647066,0.3332205882352941,0.1790735294117647,0.33799622317894457,0.359018140546463
sub-14,jdac_antiartonly,run-02,0.23608823529411768,0.2121470588235294,0.10991176470588238,0.35699658619498403,0.359018140546463
sub-14,jdac_antiartonly,run-03,0.3287647058823529,0.29176470588235287,0.10991176470588238,0.3652759029748851,0.359018140546463
sub-14,jdac_nodenoise,run-02,0.25049999999999994,0.22595588235294115,0.17804411764705874,0.3616799537404093,0.359018140546463
sub-14,jdac_nodenoise,run-03,0.3843676470588235,0.3125588235294117,0.17804411764705874,0.36538795184786144,0.359018140546463
sub-15,brut,run-02,0.25561764705882356,0.25561764705882356,0.0,0.29273666202298904,0.3591567812294136
sub-15,brut,run-03,0.3740294117647059,0.3740294117647059,0.0,0.2451293632778433,0.3591567812294136
sub-15,preproc,run-02,0.2364117647058824,0.23733823529411763,0.07286764705882354,0.3003269929223605,0.3591567812294136
sub-15,preproc,run-03,0.3396911764705882,0.36238235294117643,0.07286764705882354,0.2548982220409723,0.3591567812294136
sub-15,jdac,run-02,0.29658823529411765,0.35966176470588235,0.19433823529411764,0.34276936851361206,0.3591567812294136
sub-15,jdac,run-03,0.36547058823529416,0.42601470588235296,0.19433823529411764,0.2603462925690199,0.3591567812294136
sub-15,jdac_antiartonly,run-02,0.2851323529411765,0.24363235294117647,0.1770588235294118,0.3321764247038922,0.3591567812294136
sub-15,jdac_antiartonly,run-03,0.41395588235294123,0.38783823529411765,0.1770588235294118,0.3350225874607075,0.3591567812294136
sub-15,jdac_nodenoise,run-02,0.28197058823529414,0.2551323529411764,0.20557352941176468,0.3425369186026443,0.3591567812294136
sub-15,jdac_nodenoise,run-03,0.4370441176470589,0.39476470588235296,0.20557352941176468,0.38960219913818495,0.3591567812294136
sub-16,brut,run-02,0.23961764705882355,0.23961764705882355,0.0,0.3292741918451499,0.3425527060950314
sub-16,brut,run-03,0.26873529411764696,0.26873529411764696,0.0,0.26402491601634176,0.3425527060950314
sub-16,preproc,run-02,0.24429411764705886,0.26595588235294126,0.08745588235294122,0.34216698882866203,0.3425527060950314
sub-16,preproc,run-03,0.22507352941176467,0.2624999999999999,0.08745588235294122,0.2701093265475517,0.3425527060950314
sub-16,jdac,run-02,0.3184117647058824,0.3580588235294118,0.17452941176470588,0.39938107955640345,0.3425527060950314
sub-16,jdac,run-03,0.31,0.35923529411764704,0.17452941176470588,0.2771636220677549,0.3425527060950314
sub-16,jdac_antiartonly,run-02,0.26582352941176474,0.24708823529411764,0.13511764705882356,0.32473725449977664,0.3425527060950314
sub-16,jdac_antiartonly,run-03,0.2879117647058824,0.26964705882352946,0.13511764705882356,0.2925755434740866,0.3425527060950314
sub-16,jdac_nodenoise,run-02,0.2319705882352941,0.2692352941176471,0.2075588235294118,0.38669340249469425,0.3425527060950314
sub-16,jdac_nodenoise,run-03,0.33316176470588227,0.2879558823529411,0.2075588235294118,0.40368551763299587,0.3425527060950314
sub-17,brut,run-02,0.20625000000000002,0.20625000000000002,0.0,0.278914802147344,0.3146622951115711
sub-17,brut,run-03,0.22567647058823528,0.22567647058823528,0.0,0.27251942927569045,0.3146622951115711
sub-17,preproc,run-02,0.2015735294117647,0.23252941176470587,0.06472058823529406,0.31598646907606215,0.3146622951115711
sub-17,preproc,run-03,0.1958529411764706,0.20733823529411763,0.06472058823529406,0.2829487504667472,0.3146622951115711
sub-17,jdac,run-02,0.2487647058823529,0.30674999999999997,0.26230882352941176,0.3343210812705563,0.3146622951115711
sub-17,jdac,run-03,0.1913676470588236,0.3053529411764706,0.26230882352941176,0.28925902430712164,0.3146622951115711
sub-17,jdac_antiartonly,run-02,0.31325000000000003,0.2295,0.31489705882352936,0.31208415632988074,0.3146622951115711
sub-17,jdac_antiartonly,run-03,0.2756911764705882,0.24064705882352944,0.31489705882352936,0.2811772754478399,0.3146622951115711
sub-17,jdac_nodenoise,run-02,0.3715,0.22335294117647056,0.4073823529411764,0.29341433337043515,0.3146622951115711
sub-17,jdac_nodenoise,run-03,0.30955882352941183,0.20379411764705882,0.4073823529411764,0.31529768255031293,0.3146622951115711
sub-18,brut,run-02,0.23008823529411762,0.23008823529411762,0.0,0.3499039414149759,0.3890835566397146
sub-18,brut,run-03,0.2686176470588235,0.2686176470588235,0.0,0.28315259414590216,0.3890835566397146
sub-18,preproc,run-02,0.22502941176470592,0.2470735294117647,0.09877941176470588,0.38338201657372173,0.3890835566397146
sub-18,preproc,run-03,0.22091176470588236,0.2701911764705882,0.09877941176470588,0.2655150720992172,0.3890835566397146
sub-18,jdac,run-02,0.25779411764705884,0.3193088235294117,0.2073970588235294,0.42562021135138656,0.3890835566397146
sub-18,jdac,run-03,0.284014705882353,0.35511764705882354,0.2073970588235294,0.25088346794157557,0.3890835566397146
sub-18,jdac_antiartonly,run-02,0.23395588235294115,0.2247794117647059,0.14252941176470588,0.34593814977240417,0.3890835566397146
sub-18,jdac_antiartonly,run-03,0.2684117647058824,0.2555882352941176,0.14252941176470588,0.2640518678927771,0.3890835566397146
sub-18,jdac_nodenoise,run-02,0.22602941176470587,0.27611764705882347,0.21008823529411766,0.33417252513991114,0.3890835566397146
sub-18,jdac_nodenoise,run-03,0.2977794117647059,0.26551470588235293,0.21008823529411766,0.25548546079186507,0.3890835566397146
sub-19,brut,run-02,0.20945588235294113,0.20945588235294113,0.0,0.2800946205983747,0.36936870277065886
sub-19,brut,run-03,0.23985294117647057,0.23985294117647057,0.0,0.2316242657470925,0.36936870277065886
sub-19,preproc,run-02,0.1633676470588235,0.1969705882352941,0.07069117647058822,0.28297441653379674,0.36936870277065886
sub-19,preproc,run-03,0.19120588235294117,0.2377205882352941,0.07069117647058822,0.24538945949358362,0.36936870277065886
sub-19,jdac,run-02,0.2181470588235294,0.26449999999999996,0.16608823529411765,0.2872197825149834,0.36936870277065886
sub-19,jdac,run-03,0.24970588235294122,0.3117647058823529,0.16608823529411765,0.2580442223263904,0.36936870277065886
sub-19,jdac_antiartonly,run-02,0.1902205882352941,0.19725,0.11652941176470587,0.2851751244835913,0.36936870277065886
sub-19,jdac_antiartonly,run-03,0.25825,0.25869117647058826,0.11652941176470587,0.2553314240047324,0.36936870277065886
sub-19,jdac_nodenoise,run-02,0.17839705882352944,0.2243823529411764,0.16916176470588232,0.327675459837637,0.36936870277065886
sub-19,jdac_nodenoise,run-03,0.2667941176470588,0.2701029411764706,0.16916176470588232,0.32762172238161347,0.36936870277065886
sub-20,brut,run-02,0.2193529411764706,0.2193529411764706,0.0,0.3314386481390573,0.3826488781632761
sub-20,brut,run-03,0.33933823529411766,0.33933823529411766,0.0,0.2605159566174913,0.3826488781632761
sub-20,preproc,run-02,0.2053676470588235,0.24605882352941175,0.11486764705882353,0.3436012307176132,0.3826488781632761
sub-20,preproc,run-03,0.289235294117647,0.3549558823529412,0.11486764705882353,0.23598346134814352,0.3826488781632761
sub-20,jdac,run-02,0.21408823529411763,0.3218235294117647,0.21473529411764705,0.39268495052490177,0.3826488781632761
sub-20,jdac,run-03,0.367735294117647,0.4754999999999999,0.21473529411764705,0.32846239911061287,0.3826488781632761
sub-20,jdac_antiartonly,run-02,0.2671617647058823,0.2639999999999999,0.23566176470588238,0.4152349903782389,0.3826488781632761
sub-20,jdac_antiartonly,run-03,0.3866911764705882,0.37244117647058816,0.23566176470588238,0.32399744840961914,0.3826488781632761
sub-20,jdac_nodenoise,run-02,0.23249999999999998,0.287264705882353,0.3092058823529413,0.43132971276624704,0.3826488781632761
sub-20,jdac_nodenoise,run-03,0.40408823529411764,0.3357058823529412,0.3092058823529413,0.32400739045484606,0.3826488781632761
sub-21,brut,run-02,0.2931911764705882,0.2931911764705882,0.0,0.36100020398652727,0.41564812036731436
sub-21,brut,run-03,0.3520147058823529,0.3520147058823529,0.0,0.2504375779816609,0.41564812036731436
sub-21,preproc,run-02,0.2573529411764706,0.2745441176470588,0.06298529411764706,0.3525482037290646,0.41564812036731436
sub-21,preproc,run-03,0.3136470588235294,0.3308382352941176,0.06298529411764706,0.2731599767807092,0.41564812036731436
sub-21,jdac,run-02,0.30447058823529416,0.3765294117647059,0.2500588235294117,0.36900427677390996,0.41564812036731436
sub-21,jdac,run-03,0.3171323529411764,0.39119117647058826,0.2500588235294117,0.25557349092288695,0.41564812036731436
sub-21,jdac_antiartonly,run-02,0.34133823529411766,0.29861764705882354,0.22583823529411767,0.410372028690454,0.41564812036731436
sub-21,jdac_antiartonly,run-03,0.32516176470588226,0.3328529411764706,0.22583823529411767,0.2739187731668636,0.41564812036731436
sub-21,jdac_nodenoise,run-02,0.37047058823529405,0.27922058823529416,0.32333823529411765,0.3444455696318093,0.41564812036731436
sub-21,jdac_nodenoise,run-03,0.44426470588235284,0.3031911764705882,0.32333823529411765,0.3128143465511978,0.41564812036731436
sub-22,brut,run-02,0.3318382352941176,0.3318382352941176,0.0,0.3469943539174242,0.3825378962904615
sub-22,brut,run-03,0.33508823529411774,0.33508823529411774,0.0,0.2331583370597631,0.3825378962904615
sub-22,preproc,run-02,0.34167647058823536,0.3402205882352941,0.16825000000000004,0.35758553806395005,0.3825378962904615
sub-22,preproc,run-03,0.24401470588235294,0.3083529411764706,0.16825000000000004,0.23420623935940027,0.3825378962904615
sub-22,jdac,run-02,0.5507205882352942,0.3948235294117647,0.5079264705882354,0.3780202887072011,0.3825378962904615
sub-22,jdac,run-03,0.42342647058823535,0.3493235294117647,0.5079264705882354,0.398145711620981,0.3825378962904615
sub-22,jdac_antiartonly,run-02,0.7191764705882353,0.42251470588235296,0.5024264705882353,0.46993041813963105,0.3825378962904615
sub-22,jdac_antiartonly,run-03,0.4638676470588235,0.28338235294117653,0.5024264705882353,0.2613581243037916,0.3825378962904615
sub-22,jdac_nodenoise,run-02,,0.5153235294117646,,0.5555329965252024,0.3825378962904615
sub-22,jdac_nodenoise,run-03,,0.306,,0.49055428035582066,0.3825378962904615
