subject,method,run,mae_within,mae_truth,offset,sd_moved,sd_truth
sub-01,brut,run-02,0.2497941176470588,0.2497941176470588,0.0,0.2738582780436424,0.4202972692709633
sub-01,preproc,run-02,0.2023970588235294,0.236235294117647,0.092485294117647,0.2774349744662118,0.4202972692709633
sub-01,preproc,run-03,0.2996470588235294,0.3317205882352941,0.092485294117647,0.2794686931285534,0.4202972692709633
sub-01,jdac,run-02,0.2469117647058823,0.3761617647058823,0.2655441176470589,0.3488678751864921,0.4202972692709633
sub-01,jdac,run-03,0.3690147058823529,0.4880588235294119,0.2655441176470589,0.2345644442150246,0.4202972692709633
sub-01,jdac_antiartonly,run-02,0.2111911764705882,0.2325882352941176,0.1042794117647058,0.2895624730729378,0.4202972692709633
sub-01,jdac_antiartonly,run-03,0.353764705882353,0.3488676470588235,0.1042794117647058,0.2567416734276913,0.4202972692709633
sub-01,jdac_nodenoise,run-02,0.1622941176470588,0.2498970588235294,0.2087205882352941,0.3356896596999966,0.4202972692709633
sub-01,jdac_nodenoise,run-03,0.330764705882353,0.319014705882353,0.2087205882352941,0.2897701410353477,0.4202972692709633
sub-02,brut,run-02,0.3263088235294118,0.3263088235294118,0.0,0.3421792872429394,0.3311704318271689
sub-02,brut,run-03,0.2744558823529411,0.2744558823529411,0.0,0.1877101023614174,0.3311704318271689
sub-02,preproc,run-02,0.3737794117647059,0.3697794117647059,0.0746470588235294,0.369162676405092,0.3311704318271689
sub-02,preproc,run-03,0.2594558823529412,0.2969264705882353,0.0746470588235294,0.2125177428940372,0.3311704318271689
sub-02,jdac,run-02,0.3965882352941176,0.372485294117647,0.2525735294117647,0.3602652239762707,0.3311704318271689
sub-02,jdac,run-03,0.3239411764705882,0.3855147058823529,0.2525735294117647,0.1756296161585311,0.3311704318271689
sub-02,jdac_antiartonly,run-02,0.4791323529411765,0.4012058823529412,0.2101029411764705,0.4226368008729848,0.3311704318271689
sub-02,jdac_antiartonly,run-03,0.3444999999999999,0.3031911764705883,0.2101029411764705,0.2082585218911785,0.3311704318271689
sub-02,jdac_nodenoise,run-02,0.7177205882352942,0.5018676470588236,0.3050882352941176,0.4746271583259268,0.3311704318271689
sub-02,jdac_nodenoise,run-03,0.4403970588235293,0.2695735294117647,0.3050882352941176,0.2277594787446471,0.3311704318271689
sub-03,brut,run-02,0.3671176470588235,0.3671176470588235,0.0,0.3457486320285373,0.3936795008448189
sub-03,brut,run-03,0.2203235294117647,0.2203235294117647,0.0,0.2773537450050126,0.3936795008448189
sub-03,preproc,run-02,0.3908823529411764,0.3675,0.0863823529411764,0.3945851521204574,0.3936795008448189
sub-03,preproc,run-03,0.1741029411764706,0.2068676470588235,0.0863823529411764,0.2877769170637774,0.3936795008448189
sub-03,jdac,run-02,0.450235294117647,0.4011176470588236,0.1772941176470588,0.3930950718510834,0.3936795008448189
sub-03,jdac,run-03,0.2199117647058823,0.2418823529411764,0.1772941176470588,0.287097614352354,0.3936795008448189
sub-03,jdac_antiartonly,run-02,0.5173235294117647,0.496235294117647,0.0865882352941176,0.4883540817631349,0.3936795008448189
sub-03,jdac_antiartonly,run-03,0.2239852941176471,0.2241323529411764,0.0865882352941176,0.3576321639700243,0.3936795008448189
sub-03,jdac_nodenoise,run-02,0.4781617647058823,0.4731323529411764,0.1606176470588234,0.3982537827878459,0.3936795008448189
sub-03,jdac_nodenoise,run-03,0.2888823529411763,0.2554705882352941,0.1606176470588234,0.3873989587601695,0.3936795008448189
sub-04,brut,run-02,0.2420735294117647,0.2420735294117647,0.0,0.3385762098380592,0.376730168187359
sub-04,brut,run-03,0.3418235294117648,0.3418235294117648,0.0,0.2265365614030693,0.376730168187359
sub-04,preproc,run-02,0.2430294117647058,0.2592941176470588,0.0908529411764705,0.3152489250851457,0.376730168187359
sub-04,preproc,run-03,0.3434705882352942,0.3998235294117647,0.0908529411764705,0.2471757145139434,0.376730168187359
sub-04,jdac,run-02,0.3101470588235294,0.3694558823529412,0.2162205882352941,0.3977667464078024,0.376730168187359
sub-04,jdac,run-03,0.376014705882353,0.449735294117647,0.2162205882352941,0.3643597590583668,0.376730168187359
sub-04,jdac_antiartonly,run-02,0.2797058823529412,0.2774558823529411,0.2081323529411764,0.3649783449383326,0.376730168187359
sub-04,jdac_antiartonly,run-03,0.3622941176470589,0.3204558823529413,0.2081323529411764,0.2540022951373288,0.376730168187359
sub-04,jdac_nodenoise,run-02,0.2866764705882352,0.3052647058823529,0.2792941176470588,0.4272820247395109,0.376730168187359
sub-04,jdac_nodenoise,run-03,0.4646176470588236,0.3220882352941176,0.2792941176470588,0.3279582763645347,0.376730168187359
sub-05,brut,run-02,0.3012058823529412,0.3012058823529412,0.0,0.3786505065384751,0.3439168370773454
sub-05,brut,run-03,0.5133676470588235,0.5133676470588235,0.0,0.3042572542010743,0.3439168370773454
sub-05,preproc,run-02,0.280514705882353,0.2915441176470588,0.0752058823529411,0.3898780138346375,0.3439168370773454
sub-05,preproc,run-03,0.5245588235294116,0.5672941176470588,0.0752058823529411,0.3297177108925258,0.3439168370773454
sub-05,jdac,run-02,0.3656911764705882,0.3821029411764706,0.2676176470588235,0.4130306095921374,0.3439168370773454
sub-05,jdac,run-03,0.4691176470588236,0.4520294117647059,0.2676176470588235,0.4035668697915223,0.3439168370773454
sub-05,jdac_antiartonly,run-02,0.3112647058823529,0.2996764705882353,0.1200294117647058,0.365912798698129,0.3439168370773454
sub-05,jdac_antiartonly,run-03,0.4415735294117647,0.4228676470588234,0.1200294117647058,0.4882621751805356,0.3439168370773454
sub-05,jdac_nodenoise,run-02,0.2959117647058824,0.3066911764705883,0.2336323529411764,0.3916720522173461,0.3439168370773454
sub-05,jdac_nodenoise,run-03,0.830955882352941,0.8911176470588235,0.2336323529411764,0.9224654708961252,0.3439168370773454
sub-06,brut,run-02,0.1859411764705882,0.1859411764705882,0.0,0.2763176537714827,0.3319896874092523
sub-06,brut,run-03,0.2593088235294117,0.2593088235294117,0.0,0.2659876009573336,0.3319896874092523
sub-06,preproc,run-02,0.1476029411764706,0.1861470588235294,0.1041029411764706,0.2730689254743232,0.3319896874092523
sub-06,preproc,run-03,0.2059264705882352,0.2610882352941175,0.1041029411764706,0.2596571399627324,0.3319896874092523
sub-06,jdac,run-02,0.1810882352941176,0.3284558823529411,0.25125,0.4150734314166041,0.3319896874092523
sub-06,jdac,run-03,0.2636323529411765,0.3378823529411765,0.25125,0.1872607979611028,0.3319896874092523
sub-06,jdac_antiartonly,run-02,0.1733382352941176,0.2921617647058824,0.2585294117647058,0.3710982869033233,0.3319896874092523
sub-06,jdac_antiartonly,run-03,0.3070588235294118,0.292764705882353,0.2585294117647058,0.2327951028715666,0.3319896874092523
sub-06,jdac_nodenoise,run-02,0.1487941176470588,0.3593823529411765,0.3262058823529412,0.4429446013734277,0.3319896874092523
sub-06,jdac_nodenoise,run-03,0.2759705882352941,0.2860588235294117,0.3262058823529412,0.33747708893717,0.3319896874092523
sub-07,brut,run-02,0.2319558823529411,0.2319558823529411,0.0,0.2834415064467831,0.3551474103176196
sub-07,brut,run-03,0.3164264705882353,0.3164264705882353,0.0,0.2824616809148636,0.3551474103176196
sub-07,preproc,run-02,0.2117794117647058,0.2227499999999999,0.0567941176470588,0.2940138540959442,0.3551474103176196
sub-07,preproc,run-03,0.3326617647058822,0.3446029411764706,0.0567941176470588,0.2325020542358294,0.3551474103176196
sub-07,jdac,run-02,0.2903235294117647,0.2936029411764705,0.1672794117647058,0.329531096279663,0.3551474103176196
sub-07,jdac,run-03,0.3338088235294118,0.3644705882352941,0.1672794117647058,0.2889886105584174,0.3551474103176196
sub-07,jdac_antiartonly,run-02,0.2856176470588235,0.2310147058823529,0.1369558823529411,0.3338624820729468,0.3551474103176196
sub-07,jdac_antiartonly,run-03,0.363985294117647,0.3140882352941178,0.1369558823529411,0.3087889411626852,0.3551474103176196
sub-07,jdac_nodenoise,run-02,0.3315735294117647,0.255014705882353,0.2064411764705881,0.3490536946979148,0.3551474103176196
sub-07,jdac_nodenoise,run-03,0.4815735294117647,0.3658970588235294,0.2064411764705881,0.4793835875499822,0.3551474103176196
sub-08,brut,run-02,0.2912941176470587,0.2912941176470587,0.0,0.2790946934158521,0.3750062086111737
sub-08,brut,run-03,0.3136764705882353,0.3136764705882353,0.0,0.3149135544106294,0.3750062086111737
sub-08,preproc,run-02,0.2823382352941176,0.2834117647058823,0.0819264705882353,0.3063730457332819,0.3750062086111737
sub-08,preproc,run-03,0.2698970588235294,0.2976176470588235,0.0819264705882353,0.3546518959428718,0.3750062086111737
sub-08,jdac,run-02,0.3412352941176469,0.3701764705882353,0.1767941176470588,0.3682518305008841,0.3750062086111737
sub-08,jdac,run-03,0.3345294117647058,0.3590294117647059,0.1767941176470588,0.4259876122445076,0.3750062086111737
sub-08,jdac_antiartonly,run-02,0.4322647058823529,0.364470588235294,0.1805,0.3372836681890204,0.3750062086111737
sub-08,jdac_antiartonly,run-03,0.3475735294117648,0.3415735294117646,0.1805,0.4254291857622509,0.3750062086111737
sub-08,jdac_nodenoise,run-02,0.5400588235294117,0.3964705882352941,0.2676470588235294,0.3752217193530722,0.3750062086111737
sub-08,jdac_nodenoise,run-03,0.4835882352941175,0.3372058823529412,0.2676470588235294,0.4580004281985185,0.3750062086111737
sub-09,brut,run-02,0.3226176470588235,0.3226176470588235,0.0,0.3347412570549299,0.379275251233744
sub-09,brut,run-03,0.2656617647058823,0.2656617647058823,0.0,0.2405801993287124,0.379275251233744
sub-09,preproc,run-02,0.3731470588235294,0.3529264705882353,0.0831323529411764,0.3733611775748856,0.379275251233744
sub-09,preproc,run-03,0.2354705882352941,0.2698088235294117,0.0831323529411764,0.2650840905558974,0.379275251233744
sub-09,jdac,run-02,0.4515588235294117,0.4539999999999999,0.2477941176470589,0.3733675462956919,0.379275251233744
sub-09,jdac,run-03,0.2416323529411764,0.3298088235294118,0.2477941176470589,0.3103152239117442,0.379275251233744
sub-09,jdac_antiartonly,run-02,0.5184705882352941,0.4326617647058823,0.1786617647058823,0.3930884420407484,0.379275251233744
sub-09,jdac_antiartonly,run-03,0.2674264705882353,0.2488529411764706,0.1786617647058823,0.2705630566929987,0.379275251233744
sub-09,jdac_nodenoise,run-02,0.5554411764705883,0.4248235294117646,0.2421176470588235,0.2909428449463244,0.379275251233744
sub-09,jdac_nodenoise,run-03,0.3278088235294117,0.2546617647058824,0.2421176470588235,0.2794596001749422,0.379275251233744
sub-10,brut,run-02,0.2206176470588235,0.2206176470588235,0.0,0.2460344215087884,0.4058777422566434
sub-10,brut,run-03,0.4305,0.4305,0.0,0.212645184096839,0.4058777422566434
sub-10,preproc,run-02,,0.2458676470588235,,0.2959716843348481,0.4058777422566434
sub-10,preproc,run-03,,0.3918235294117647,,0.2318460191641916,0.4058777422566434
sub-10,jdac,run-02,0.2720735294117646,0.3375441176470589,0.1813823529411765,0.3396556188561354,0.4058777422566434
sub-10,jdac_antiartonly,run-02,0.2937647058823529,0.2819705882352941,0.1436176470588235,0.3040842016810937,0.4058777422566434
sub-10,jdac_antiartonly,run-03,0.3831617647058822,0.3929558823529411,0.1436176470588235,0.3309520852089112,0.4058777422566434
sub-10,jdac_nodenoise,run-02,0.2871764705882353,0.2487205882352941,0.2119558823529411,0.3833215296372048,0.4058777422566434
sub-10,jdac_nodenoise,run-03,0.4621911764705882,0.4078235294117646,0.2119558823529411,0.4918294089127512,0.4058777422566434
sub-11,brut,run-02,0.1731323529411764,0.1731323529411764,0.0,0.369084928697647,0.3535804272368904
sub-11,brut,run-03,0.4758382352941176,0.4758382352941176,0.0,0.309626970825113,0.3535804272368904
sub-11,preproc,run-02,0.1957058823529411,0.2212058823529412,0.1040294117647058,0.3625788534017846,0.3535804272368904
sub-11,jdac,run-02,0.1746764705882353,0.2949264705882353,0.2428382352941176,0.4300507869123929,0.3535804272368904
sub-11,jdac_antiartonly,run-02,0.1655735294117647,0.3271911764705882,0.2568235294117647,0.4279700299973631,0.3535804272368904
sub-11,jdac_antiartonly,run-03,0.4589558823529412,0.4439264705882353,0.2568235294117647,0.4027999487673173,0.3535804272368904
sub-11,jdac_nodenoise,run-02,0.1292058823529412,0.4113088235294118,0.3752499999999999,0.4524599553485698,0.3535804272368904
sub-11,jdac_nodenoise,run-03,0.5262205882352943,0.3780294117647059,0.3752499999999999,0.4340977069043283,0.3535804272368904
sub-12,brut,run-02,0.3037352941176471,0.3037352941176471,0.0,0.3881684743592549,0.4059399077889892
sub-12,brut,run-03,0.3071911764705882,0.3071911764705882,0.0,0.2857569879979141,0.4059399077889892
sub-12,preproc,run-02,0.2848676470588235,0.29425,0.108735294117647,0.3909553650404441,0.4059399077889892
sub-12,preproc,run-03,0.281970588235294,0.3276470588235294,0.108735294117647,0.3239117374414311,0.4059399077889892
sub-12,jdac,run-02,0.3635588235294117,0.4410735294117648,0.279985294117647,0.4406163045456115,0.4059399077889892
sub-12,jdac,run-03,0.3005588235294117,0.4059558823529411,0.279985294117647,0.3187859680338464,0.4059399077889892
sub-12,jdac_antiartonly,run-02,0.3914558823529411,0.3310441176470588,0.2408529411764706,0.4262690488638779,0.4059399077889892
sub-12,jdac_antiartonly,run-03,0.3631617647058823,0.3108088235294118,0.2408529411764706,0.3348264026772126,0.4059399077889892
sub-12,jdac_nodenoise,run-02,0.3830000000000001,0.3398088235294118,0.3024264705882352,0.4589212242629629,0.4059399077889892
sub-12,jdac_nodenoise,run-03,0.4980441176470588,0.3227647058823529,0.3024264705882352,0.3947695193927913,0.4059399077889892
sub-13,brut,run-02,0.2142647058823529,0.2142647058823529,0.0,0.2732578639021615,0.2852840347185949
sub-13,brut,run-03,0.2178088235294118,0.2178088235294118,0.0,0.2505010536411558,0.2852840347185949
sub-13,preproc,run-02,0.2143676470588235,0.2228529411764705,0.0536911764705882,0.291748350240932,0.2852840347185949
sub-13,preproc,run-03,0.2216176470588235,0.2441029411764705,0.0536911764705882,0.2445049593641068,0.2852840347185949
sub-13,jdac,run-02,0.2711617647058824,0.3078235294117646,0.1873382352941176,0.2888489687258329,0.2852840347185949
sub-13,jdac,run-03,0.3063970588235294,0.3350294117647059,0.1873382352941176,0.2886270286665987,0.2852840347185949
sub-13,jdac_antiartonly,run-02,0.2937647058823529,0.24725,0.1520735294117647,0.304646527281575,0.2852840347185949
sub-13,jdac_antiartonly,run-03,0.2727794117647059,0.2474117647058824,0.1520735294117647,0.2753459357396767,0.2852840347185949
sub-13,jdac_nodenoise,run-02,0.3200882352941175,0.2199558823529412,0.217985294117647,0.3031887250296004,0.2852840347185949
sub-13,jdac_nodenoise,run-03,0.4356617647058823,0.3067352941176471,0.217985294117647,0.3852979198620775,0.2852840347185949
sub-14,brut,run-02,0.2089705882352941,0.2089705882352941,0.0,0.333951131139669,0.359018140546463
sub-14,brut,run-03,0.2656470588235294,0.2656470588235294,0.0,0.296320687324748,0.359018140546463
sub-14,preproc,run-02,0.2164117647058823,0.2098676470588235,0.0935441176470588,0.3337088756629418,0.359018140546463
sub-14,preproc,run-03,0.2583529411764706,0.2541617647058823,0.0935441176470588,0.3156425821779015,0.359018140546463
sub-14,jdac,run-02,0.2213088235294117,0.2695882352941177,0.1790735294117647,0.3036729514025255,0.359018140546463
sub-14,jdac,run-03,0.3018529411764706,0.3332205882352941,0.1790735294117647,0.3379962231789445,0.359018140546463
sub-14,jdac_antiartonly,run-02,0.2360882352941176,0.2121470588235294,0.1099117647058823,0.356996586194984,0.359018140546463
sub-14,jdac_antiartonly,run-03,0.3287647058823529,0.2917647058823528,0.1099117647058823,0.3652759029748851,0.359018140546463
sub-14,jdac_nodenoise,run-02,0.2504999999999999,0.2259558823529411,0.1780441176470587,0.3616799537404093,0.359018140546463
sub-14,jdac_nodenoise,run-03,0.3843676470588235,0.3125588235294117,0.1780441176470587,0.3653879518478614,0.359018140546463
sub-15,brut,run-02,0.2556176470588235,0.2556176470588235,0.0,0.292736662022989,0.3591567812294136
sub-15,brut,run-03,0.3740294117647059,0.3740294117647059,0.0,0.2451293632778433,0.3591567812294136
sub-15,preproc,run-02,0.2364117647058824,0.2373382352941176,0.0728676470588235,0.3003269929223605,0.3591567812294136
sub-15,preproc,run-03,0.3396911764705882,0.3623823529411764,0.0728676470588235,0.2548982220409723,0.3591567812294136
sub-15,jdac,run-02,0.2965882352941176,0.3596617647058823,0.1943382352941176,0.342769368513612,0.3591567812294136
sub-15,jdac,run-03,0.3654705882352941,0.4260147058823529,0.1943382352941176,0.2603462925690199,0.3591567812294136
sub-15,jdac_antiartonly,run-02,0.2851323529411765,0.2436323529411764,0.1770588235294118,0.3321764247038922,0.3591567812294136
sub-15,jdac_antiartonly,run-03,0.4139558823529412,0.3878382352941176,0.1770588235294118,0.3350225874607075,0.3591567812294136
sub-15,jdac_nodenoise,run-02,0.2819705882352941,0.2551323529411764,0.2055735294117646,0.3425369186026443,0.3591567812294136
sub-15,jdac_nodenoise,run-03,0.4370441176470589,0.3947647058823529,0.2055735294117646,0.3896021991381849,0.3591567812294136
sub-16,brut,run-02,0.2396176470588235,0.2396176470588235,0.0,0.3292741918451499,0.3425527060950314
sub-16,brut,run-03,0.2687352941176469,0.2687352941176469,0.0,0.2640249160163417,0.3425527060950314
sub-16,preproc,run-02,0.2442941176470588,0.2659558823529412,0.0874558823529412,0.342166988828662,0.3425527060950314
sub-16,preproc,run-03,0.2250735294117646,0.2624999999999999,0.0874558823529412,0.2701093265475517,0.3425527060950314
sub-16,jdac,run-02,0.3184117647058824,0.3580588235294118,0.1745294117647058,0.3993810795564034,0.3425527060950314
sub-16,jdac,run-03,0.31,0.359235294117647,0.1745294117647058,0.2771636220677549,0.3425527060950314
sub-16,jdac_antiartonly,run-02,0.2658235294117647,0.2470882352941176,0.1351176470588235,0.3247372544997766,0.3425527060950314
sub-16,jdac_antiartonly,run-03,0.2879117647058824,0.2696470588235294,0.1351176470588235,0.2925755434740866,0.3425527060950314
sub-16,jdac_nodenoise,run-02,0.2319705882352941,0.2692352941176471,0.2075588235294118,0.3866934024946942,0.3425527060950314
sub-16,jdac_nodenoise,run-03,0.3331617647058822,0.2879558823529411,0.2075588235294118,0.4036855176329958,0.3425527060950314
sub-17,brut,run-02,0.20625,0.20625,0.0,0.278914802147344,0.3146622951115711
sub-17,brut,run-03,0.2256764705882352,0.2256764705882352,0.0,0.2725194292756904,0.3146622951115711
sub-17,preproc,run-02,0.2015735294117647,0.2325294117647058,0.064720588235294,0.3159864690760621,0.3146622951115711
sub-17,preproc,run-03,0.1958529411764706,0.2073382352941176,0.064720588235294,0.2829487504667472,0.3146622951115711
sub-17,jdac,run-02,0.2487647058823529,0.3067499999999999,0.2623088235294117,0.3343210812705563,0.3146622951115711
sub-17,jdac,run-03,0.1913676470588236,0.3053529411764706,0.2623088235294117,0.2892590243071216,0.3146622951115711
sub-17,jdac_antiartonly,run-02,0.31325,0.2295,0.3148970588235293,0.3120841563298807,0.3146622951115711
sub-17,jdac_antiartonly,run-03,0.2756911764705882,0.2406470588235294,0.3148970588235293,0.2811772754478399,0.3146622951115711
sub-17,jdac_nodenoise,run-02,0.3715,0.2233529411764705,0.4073823529411764,0.2934143333704351,0.3146622951115711
sub-17,jdac_nodenoise,run-03,0.3095588235294118,0.2037941176470588,0.4073823529411764,0.3152976825503129,0.3146622951115711
sub-18,brut,run-02,0.2300882352941176,0.2300882352941176,0.0,0.3499039414149759,0.3890835566397146
sub-18,brut,run-03,0.2686176470588235,0.2686176470588235,0.0,0.2831525941459021,0.3890835566397146
sub-18,preproc,run-02,0.2250294117647059,0.2470735294117647,0.0987794117647058,0.3833820165737217,0.3890835566397146
sub-18,preproc,run-03,0.2209117647058823,0.2701911764705882,0.0987794117647058,0.2655150720992172,0.3890835566397146
sub-18,jdac,run-02,0.2577941176470588,0.3193088235294117,0.2073970588235294,0.4256202113513865,0.3890835566397146
sub-18,jdac,run-03,0.284014705882353,0.3551176470588235,0.2073970588235294,0.2508834679415755,0.3890835566397146
sub-18,jdac_antiartonly,run-02,0.2339558823529411,0.2247794117647059,0.1425294117647058,0.3459381497724041,0.3890835566397146
sub-18,jdac_antiartonly,run-03,0.2684117647058824,0.2555882352941176,0.1425294117647058,0.2640518678927771,0.3890835566397146
sub-18,jdac_nodenoise,run-02,0.2260294117647058,0.2761176470588234,0.2100882352941176,0.3341725251399111,0.3890835566397146
sub-18,jdac_nodenoise,run-03,0.2977794117647059,0.2655147058823529,0.2100882352941176,0.255485460791865,0.3890835566397146
sub-19,brut,run-02,0.2094558823529411,0.2094558823529411,0.0,0.2800946205983747,0.3693687027706588
sub-19,brut,run-03,0.2398529411764705,0.2398529411764705,0.0,0.2316242657470925,0.3693687027706588
sub-19,preproc,run-02,0.1633676470588235,0.1969705882352941,0.0706911764705882,0.2829744165337967,0.3693687027706588
sub-19,preproc,run-03,0.1912058823529411,0.2377205882352941,0.0706911764705882,0.2453894594935836,0.3693687027706588
sub-19,jdac,run-02,0.2181470588235294,0.2644999999999999,0.1660882352941176,0.2872197825149834,0.3693687027706588
sub-19,jdac,run-03,0.2497058823529412,0.3117647058823529,0.1660882352941176,0.2580442223263904,0.3693687027706588
sub-19,jdac_antiartonly,run-02,0.1902205882352941,0.19725,0.1165294117647058,0.2851751244835913,0.3693687027706588
sub-19,jdac_antiartonly,run-03,0.25825,0.2586911764705882,0.1165294117647058,0.2553314240047324,0.3693687027706588
sub-19,jdac_nodenoise,run-02,0.1783970588235294,0.2243823529411764,0.1691617647058823,0.327675459837637,0.3693687027706588
sub-19,jdac_nodenoise,run-03,0.2667941176470588,0.2701029411764706,0.1691617647058823,0.3276217223816134,0.3693687027706588
sub-20,brut,run-02,0.2193529411764706,0.2193529411764706,0.0,0.3314386481390573,0.3826488781632761
sub-20,brut,run-03,0.3393382352941176,0.3393382352941176,0.0,0.2605159566174913,0.3826488781632761
sub-20,preproc,run-02,0.2053676470588235,0.2460588235294117,0.1148676470588235,0.3436012307176132,0.3826488781632761
sub-20,preproc,run-03,0.289235294117647,0.3549558823529412,0.1148676470588235,0.2359834613481435,0.3826488781632761
sub-20,jdac,run-02,0.2140882352941176,0.3218235294117647,0.214735294117647,0.3926849505249017,0.3826488781632761
sub-20,jdac,run-03,0.367735294117647,0.4754999999999999,0.214735294117647,0.3284623991106128,0.3826488781632761
sub-20,jdac_antiartonly,run-02,0.2671617647058823,0.2639999999999999,0.2356617647058823,0.4152349903782389,0.3826488781632761
sub-20,jdac_antiartonly,run-03,0.3866911764705882,0.3724411764705881,0.2356617647058823,0.3239974484096191,0.3826488781632761
sub-20,jdac_nodenoise,run-02,0.2324999999999999,0.287264705882353,0.3092058823529413,0.431329712766247,0.3826488781632761
sub-20,jdac_nodenoise,run-03,0.4040882352941176,0.3357058823529412,0.3092058823529413,0.324007390454846,0.3826488781632761
sub-21,brut,run-02,0.2931911764705882,0.2931911764705882,0.0,0.3610002039865272,0.4156481203673143
sub-21,brut,run-03,0.3520147058823529,0.3520147058823529,0.0,0.2504375779816609,0.4156481203673143
sub-21,preproc,run-02,0.2573529411764706,0.2745441176470588,0.062985294117647,0.3525482037290646,0.4156481203673143
sub-21,preproc,run-03,0.3136470588235294,0.3308382352941176,0.062985294117647,0.2731599767807092,0.4156481203673143
sub-21,jdac,run-02,0.3044705882352941,0.3765294117647059,0.2500588235294117,0.3690042767739099,0.4156481203673143
sub-21,jdac,run-03,0.3171323529411764,0.3911911764705882,0.2500588235294117,0.2555734909228869,0.4156481203673143
sub-21,jdac_antiartonly,run-02,0.3413382352941176,0.2986176470588235,0.2258382352941176,0.410372028690454,0.4156481203673143
sub-21,jdac_antiartonly,run-03,0.3251617647058822,0.3328529411764706,0.2258382352941176,0.2739187731668636,0.4156481203673143
sub-21,jdac_nodenoise,run-02,0.370470588235294,0.2792205882352941,0.3233382352941176,0.3444455696318093,0.4156481203673143
sub-21,jdac_nodenoise,run-03,0.4442647058823528,0.3031911764705882,0.3233382352941176,0.3128143465511978,0.4156481203673143
sub-22,brut,run-02,0.3318382352941176,0.3318382352941176,0.0,0.3469943539174242,0.3825378962904615
sub-22,brut,run-03,0.3350882352941177,0.3350882352941177,0.0,0.2331583370597631,0.3825378962904615
sub-22,preproc,run-02,0.3416764705882353,0.3402205882352941,0.16825,0.35758553806395,0.3825378962904615
sub-22,preproc,run-03,0.2440147058823529,0.3083529411764706,0.16825,0.2342062393594002,0.3825378962904615
sub-22,jdac,run-02,0.5507205882352942,0.3948235294117647,0.5079264705882354,0.3780202887072011,0.3825378962904615
sub-22,jdac,run-03,0.4234264705882353,0.3493235294117647,0.5079264705882354,0.398145711620981,0.3825378962904615
sub-22,jdac_antiartonly,run-02,0.7191764705882353,0.4225147058823529,0.5024264705882353,0.469930418139631,0.3825378962904615
sub-22,jdac_antiartonly,run-03,0.4638676470588235,0.2833823529411765,0.5024264705882353,0.2613581243037916,0.3825378962904615
sub-22,jdac_nodenoise,run-02,,0.5153235294117646,,0.5555329965252024,0.3825378962904615
sub-22,jdac_nodenoise,run-03,,0.306,,0.4905542803558206,0.3825378962904615
